,Düz,Otomatik,YarıOtomatik,Dizel,Benzin/Lpg,Benzin,1300ccvealtı,1601-1800cc,1301-1600cc,6001ccveüzeri,ArabaYıl,Fiyat,Km
0,1.0,0.0,0.0,0.0,0.0,1.0,1.0,0.0,0.0,0.0,2017,52.0,90.0
1,1.0,0.0,0.0,0.0,0.0,1.0,1.0,0.0,0.0,0.0,2016,68.0,136.0
2,0.0,1.0,0.0,0.0,1.0,0.0,0.0,0.0,1.0,0.0,2017,34.665,150.0
3,1.0,0.0,0.0,0.0,1.0,0.0,0.0,1.0,0.0,0.0,2016,171.0,45.75
4,1.0,0.0,0.0,0.0,0.0,1.0,0.0,1.0,0.0,0.0,2016,91.0,54.75
5,1.0,0.0,0.0,0.0,0.0,1.0,1.0,0.0,0.0,0.0,2015,147.0,55.25
6,1.0,0.0,0.0,0.0,0.0,1.0,0.0,1.0,0.0,0.0,2016,49.0,57.0
7,1.0,0.0,0.0,0.0,0.0,1.0,1.0,0.0,0.0,0.0,2016,115.0,58.95
8,1.0,0.0,0.0,0.0,0.0,1.0,0.0,1.0,0.0,0.0,2016,63.0,59.0
9,1.0,0.0,0.0,1.0,0.0,0.0,0.0,1.0,0.0,0.0,2016,37.0,59.0
10,1.0,0.0,0.0,0.0,1.0,0.0,0.0,1.0,0.0,0.0,2016,158.0,60.9
11,1.0,0.0,0.0,1.0,0.0,0.0,0.0,1.0,0.0,0.0,2016,11.0,62.0
12,1.0,0.0,0.0,0.0,0.0,1.0,1.0,0.0,0.0,0.0,2016,432.0,62.0
13,1.0,0.0,0.0,1.0,0.0,0.0,0.0,1.0,0.0,0.0,2016,20.5,63.5
14,1.0,0.0,0.0,0.0,0.0,1.0,1.0,0.0,0.0,0.0,2016,85.0,63.5
15,1.0,0.0,0.0,0.0,0.0,1.0,1.0,0.0,0.0,0.0,2016,52.0,63.5
16,1.0,0.0,0.0,0.0,0.0,1.0,1.0,0.0,0.0,0.0,2016,93.0,64.0
17,1.0,0.0,0.0,0.0,1.0,0.0,0.0,1.0,0.0,0.0,2017,41.0,64.75
18,1.0,0.0,0.0,0.0,0.0,1.0,1.0,0.0,0.0,0.0,2017,78.0,65.85
19,1.0,0.0,0.0,1.0,0.0,0.0,0.0,1.0,0.0,0.0,2018,60.0,66.0
20,1.0,0.0,0.0,0.0,0.0,1.0,1.0,0.0,0.0,0.0,2015,101.0,67.0
21,1.0,0.0,0.0,0.0,0.0,1.0,1.0,0.0,0.0,0.0,2016,122.0,67.5
22,1.0,0.0,0.0,0.0,0.0,1.0,1.0,0.0,0.0,0.0,2016,102.0,68.5
23,1.0,0.0,0.0,1.0,0.0,0.0,0.0,1.0,0.0,0.0,2017,32.0,68.5
24,1.0,0.0,0.0,0.0,0.0,1.0,1.0,0.0,0.0,0.0,2016,99.0,68.85
25,1.0,0.0,0.0,0.0,0.0,1.0,1.0,0.0,0.0,0.0,2017,48.0,69.5
26,1.0,0.0,0.0,0.0,0.0,1.0,0.0,1.0,0.0,0.0,2016,39.428,69.75
27,1.0,0.0,0.0,1.0,0.0,0.0,0.0,1.0,0.0,0.0,2016,19.0,70.0
28,1.0,0.0,0.0,0.0,1.0,0.0,0.0,1.0,0.0,0.0,2016,72.5,70.5
29,1.0,0.0,0.0,0.0,0.0,1.0,0.0,1.0,0.0,0.0,2016,80.0,70.85
30,1.0,0.0,0.0,0.0,0.0,1.0,0.0,1.0,0.0,0.0,2016,80.0,70.85
31,1.0,0.0,0.0,0.0,0.0,1.0,1.0,0.0,0.0,0.0,2017,60.0,70.85
32,1.0,0.0,0.0,0.0,0.0,1.0,1.0,0.0,0.0,0.0,2017,60.0,71.0
33,1.0,0.0,0.0,0.0,0.0,1.0,1.0,0.0,0.0,0.0,2017,150.0,71.5
34,1.0,0.0,0.0,0.0,0.0,1.0,1.0,0.0,0.0,0.0,2016,41.0,71.75
35,0.0,1.0,0.0,1.0,0.0,0.0,0.0,0.0,1.0,0.0,2017,12.0,72.0
36,1.0,0.0,0.0,0.0,0.0,1.0,0.0,1.0,0.0,0.0,2017,43.0,72.0
37,1.0,0.0,0.0,0.0,1.0,0.0,0.0,1.0,0.0,0.0,2016,45.0,72.5
38,1.0,0.0,0.0,1.0,0.0,0.0,0.0,1.0,0.0,0.0,2015,66.7,72.5
39,1.0,0.0,0.0,0.0,0.0,1.0,1.0,0.0,0.0,0.0,2017,65.5,72.5
40,1.0,0.0,0.0,0.0,0.0,1.0,0.0,1.0,0.0,0.0,2016,176.0,72.75
41,1.0,0.0,0.0,1.0,0.0,0.0,0.0,1.0,0.0,0.0,2016,165.0,72.75
42,1.0,0.0,0.0,1.0,0.0,0.0,0.0,1.0,0.0,0.0,2019,2.3,73.0
43,1.0,0.0,0.0,1.0,0.0,0.0,1.0,0.0,0.0,0.0,2018,23.0,73.5
44,1.0,0.0,0.0,0.0,1.0,0.0,0.0,1.0,0.0,0.0,2019,4.0,73.9
45,1.0,0.0,0.0,0.0,1.0,0.0,0.0,1.0,0.0,0.0,2019,4.0,73.9
46,1.0,0.0,0.0,0.0,1.0,0.0,0.0,1.0,0.0,0.0,2019,4.0,73.9
47,1.0,0.0,0.0,1.0,0.0,0.0,0.0,1.0,0.0,0.0,2016,51.0,74.0
48,0.0,1.0,0.0,0.0,0.0,1.0,0.0,1.0,0.0,0.0,2017,75.0,74.0
49,1.0,0.0,0.0,0.0,0.0,1.0,1.0,0.0,0.0,0.0,2017,46.0,74.5
50,1.0,0.0,0.0,0.0,0.0,1.0,1.0,0.0,0.0,0.0,2016,104.0,74.75
51,1.0,0.0,0.0,0.0,0.0,1.0,1.0,0.0,0.0,0.0,2017,88.0,74.85
52,1.0,0.0,0.0,0.0,0.0,1.0,1.0,0.0,0.0,0.0,2017,54.0,74.85
53,1.0,0.0,0.0,0.0,0.0,1.0,1.0,0.0,0.0,0.0,2017,44.0,74.85
54,1.0,0.0,0.0,0.0,0.0,1.0,1.0,0.0,0.0,0.0,2017,54.0,74.85
55,1.0,0.0,0.0,0.0,0.0,1.0,1.0,0.0,0.0,0.0,2017,88.0,74.85
56,1.0,0.0,0.0,0.0,0.0,1.0,1.0,0.0,0.0,0.0,2017,106.0,74.9
57,1.0,0.0,0.0,0.0,0.0,1.0,1.0,0.0,0.0,0.0,2017,35.0,74.95
58,1.0,0.0,0.0,0.0,0.0,1.0,1.0,0.0,0.0,0.0,2017,87.8,75.5
59,1.0,0.0,0.0,0.0,0.0,1.0,1.0,0.0,0.0,0.0,2018,54.0,75.85
60,1.0,0.0,0.0,0.0,0.0,1.0,1.0,0.0,0.0,0.0,2017,58.0,75.85
61,1.0,0.0,0.0,0.0,0.0,1.0,1.0,0.0,0.0,0.0,2016,84.0,75.85
62,1.0,0.0,0.0,0.0,0.0,1.0,1.0,0.0,0.0,0.0,2015,82.0,75.9
63,1.0,0.0,0.0,0.0,1.0,0.0,0.0,1.0,0.0,0.0,2017,30.0,75.9
64,1.0,0.0,0.0,0.0,0.0,1.0,1.0,0.0,0.0,0.0,2017,90.0,75.9
65,1.0,0.0,0.0,0.0,0.0,1.0,1.0,0.0,0.0,0.0,2017,90.0,75.9
66,1.0,0.0,0.0,0.0,0.0,1.0,0.0,1.0,0.0,0.0,2016,108.0,76.45
67,1.0,0.0,0.0,0.0,0.0,1.0,1.0,0.0,0.0,0.0,2016,197.0,76.75
68,1.0,0.0,0.0,0.0,0.0,1.0,1.0,0.0,0.0,0.0,2017,75.0,76.9
69,1.0,0.0,0.0,0.0,0.0,1.0,1.0,0.0,0.0,0.0,2017,75.0,76.9
70,1.0,0.0,0.0,0.0,0.0,1.0,0.0,1.0,0.0,0.0,2017,21.5,77.0
71,1.0,0.0,0.0,0.0,0.0,1.0,0.0,1.0,0.0,0.0,2016,63.0,77.2
72,1.0,0.0,0.0,0.0,0.0,1.0,0.0,1.0,0.0,0.0,2016,63.0,77.2
73,1.0,0.0,0.0,1.0,0.0,0.0,0.0,1.0,0.0,0.0,2018,8.25,77.5
74,1.0,0.0,0.0,0.0,0.0,1.0,1.0,0.0,0.0,0.0,2017,13.0,78.0
75,1.0,0.0,0.0,1.0,0.0,0.0,0.0,1.0,0.0,0.0,2019,500.0,78.0
76,1.0,0.0,0.0,0.0,0.0,1.0,1.0,0.0,0.0,0.0,2016,45.0,78.0
77,1.0,0.0,0.0,0.0,0.0,1.0,1.0,0.0,0.0,0.0,2018,11.5,78.5
78,1.0,0.0,0.0,0.0,0.0,1.0,1.0,0.0,0.0,0.0,2017,65.0,78.5
79,1.0,0.0,0.0,0.0,0.0,1.0,1.0,0.0,0.0,0.0,2017,100.0,78.75
80,1.0,0.0,0.0,0.0,0.0,1.0,1.0,0.0,0.0,0.0,2017,48.0,78.85
81,1.0,0.0,0.0,1.0,0.0,0.0,0.0,1.0,0.0,0.0,2018,6.0,78.9
82,1.0,0.0,0.0,0.0,0.0,1.0,1.0,0.0,0.0,0.0,2017,72.0,78.9
83,1.0,0.0,0.0,0.0,0.0,1.0,1.0,0.0,0.0,0.0,2017,88.0,79.45
84,1.0,0.0,0.0,0.0,0.0,1.0,1.0,0.0,0.0,0.0,2016,99.0,79.85
85,1.0,0.0,0.0,0.0,0.0,1.0,0.0,1.0,0.0,0.0,2016,106.0,79.9
86,1.0,0.0,0.0,0.0,0.0,1.0,1.0,0.0,0.0,0.0,2017,83.0,79.95
87,1.0,0.0,0.0,0.0,0.0,1.0,0.0,0.0,0.0,1.0,2017,64.0,80.0
88,1.0,0.0,0.0,1.0,0.0,0.0,0.0,1.0,0.0,0.0,2018,539.0,80.0
89,1.0,0.0,0.0,1.0,0.0,0.0,0.0,1.0,0.0,0.0,2017,46.0,80.0
90,1.0,0.0,0.0,0.0,0.0,1.0,1.0,0.0,0.0,0.0,2017,67.5,80.75
91,1.0,0.0,0.0,0.0,0.0,1.0,0.0,1.0,0.0,0.0,2016,110.0,80.9
92,1.0,0.0,0.0,1.0,0.0,0.0,0.0,1.0,0.0,0.0,2019,4.3,81.0
93,1.0,0.0,0.0,1.0,0.0,0.0,0.0,1.0,0.0,0.0,2016,53.0,81.0
94,1.0,0.0,0.0,1.0,0.0,0.0,0.0,1.0,0.0,0.0,2018,14.7,81.0
95,1.0,0.0,0.0,1.0,0.0,0.0,0.0,1.0,0.0,0.0,2018,2.7,81.0
96,1.0,0.0,0.0,0.0,0.0,1.0,1.0,0.0,0.0,0.0,2016,129.0,81.5
97,1.0,0.0,0.0,0.0,0.0,1.0,1.0,0.0,0.0,0.0,2017,111.8,82.0
98,1.0,0.0,0.0,1.0,0.0,0.0,0.0,1.0,0.0,0.0,2019,1.3,82.0
99,1.0,0.0,0.0,0.0,0.0,1.0,1.0,0.0,0.0,0.0,2018,48.0,82.5
100,1.0,0.0,0.0,0.0,0.0,1.0,1.0,0.0,0.0,0.0,2016,100.0,82.5
101,1.0,0.0,0.0,0.0,1.0,0.0,0.0,1.0,0.0,0.0,2015,76.0,82.5
102,1.0,0.0,0.0,0.0,0.0,1.0,1.0,0.0,0.0,0.0,2016,186.0,82.9
103,1.0,0.0,0.0,0.0,0.0,1.0,1.0,0.0,0.0,0.0,2016,99.0,82.9
104,1.0,0.0,0.0,1.0,0.0,0.0,0.0,1.0,0.0,0.0,2018,9.0,82.95
105,1.0,0.0,0.0,0.0,0.0,1.0,0.0,1.0,0.0,0.0,2016,87.0,83.0
106,1.0,0.0,0.0,0.0,0.0,1.0,1.0,0.0,0.0,0.0,2017,62.0,83.5
107,1.0,0.0,0.0,0.0,1.0,0.0,0.0,1.0,0.0,0.0,2018,20.0,83.5
108,1.0,0.0,0.0,0.0,0.0,1.0,1.0,0.0,0.0,0.0,2017,73.0,83.85
109,0.0,0.0,1.0,0.0,0.0,1.0,0.0,1.0,0.0,0.0,2016,83.0,83.9
110,0.0,1.0,0.0,1.0,0.0,0.0,0.0,1.0,0.0,0.0,2016,23.3,84.0
111,1.0,0.0,0.0,1.0,0.0,0.0,0.0,1.0,0.0,0.0,2019,30.0,84.0
112,1.0,0.0,0.0,1.0,0.0,0.0,0.0,1.0,0.0,0.0,2019,1.0,84.5
113,1.0,0.0,0.0,0.0,0.0,1.0,1.0,0.0,0.0,0.0,2017,89.0,84.5
114,1.0,0.0,0.0,1.0,0.0,0.0,0.0,1.0,0.0,0.0,2019,9.0,84.5
115,1.0,0.0,0.0,0.0,0.0,1.0,1.0,0.0,0.0,0.0,2017,110.0,84.75
116,1.0,0.0,0.0,0.0,0.0,1.0,1.0,0.0,0.0,0.0,2016,140.0,84.75
117,1.0,0.0,0.0,1.0,0.0,0.0,0.0,1.0,0.0,0.0,2018,7.0,84.95
118,0.0,0.0,1.0,1.0,0.0,0.0,0.0,1.0,0.0,0.0,2017,19.5,85.0
119,0.0,1.0,0.0,1.0,0.0,0.0,0.0,1.0,0.0,0.0,2017,12.5,85.0
120,1.0,0.0,0.0,0.0,0.0,1.0,0.0,1.0,0.0,0.0,2016,31.0,85.0
121,1.0,0.0,0.0,1.0,0.0,0.0,0.0,1.0,0.0,0.0,2018,9.0,85.0
122,1.0,0.0,0.0,0.0,0.0,1.0,0.0,1.0,0.0,0.0,2018,5.0,85.0
123,1.0,0.0,0.0,0.0,0.0,1.0,1.0,0.0,0.0,0.0,2018,63.5,85.45
124,1.0,0.0,0.0,0.0,0.0,1.0,1.0,0.0,0.0,0.0,2017,104.0,85.5
125,1.0,0.0,0.0,0.0,1.0,0.0,0.0,1.0,0.0,0.0,2019,15.35,85.5
126,1.0,0.0,0.0,0.0,0.0,1.0,1.0,0.0,0.0,0.0,2018,58.0,85.75
127,1.0,0.0,0.0,0.0,0.0,1.0,1.0,0.0,0.0,0.0,2016,82.0,85.75
128,1.0,0.0,0.0,1.0,0.0,0.0,0.0,1.0,0.0,0.0,2019,10.9,85.9
129,1.0,0.0,0.0,0.0,0.0,1.0,1.0,0.0,0.0,0.0,2016,99.0,85.9
130,1.0,0.0,0.0,0.0,0.0,1.0,1.0,0.0,0.0,0.0,2017,64.0,86.0
131,1.0,0.0,0.0,1.0,0.0,0.0,0.0,1.0,0.0,0.0,2019,20.74,86.5
132,1.0,0.0,0.0,0.0,0.0,1.0,1.0,0.0,0.0,0.0,2017,48.0,86.5
133,1.0,0.0,0.0,1.0,0.0,0.0,0.0,1.0,0.0,0.0,2019,0.0,86.7
134,1.0,0.0,0.0,0.0,0.0,1.0,0.0,1.0,0.0,0.0,2016,142.2,86.75
135,1.0,0.0,0.0,0.0,0.0,1.0,1.0,0.0,0.0,0.0,2016,65.3,86.75
136,1.0,0.0,0.0,0.0,0.0,1.0,1.0,0.0,0.0,0.0,2016,100.0,86.85
137,1.0,0.0,0.0,0.0,0.0,1.0,1.0,0.0,0.0,0.0,2017,46.0,86.85
138,1.0,0.0,0.0,0.0,1.0,0.0,0.0,1.0,0.0,0.0,2019,9.0,87.5
139,1.0,0.0,0.0,1.0,0.0,0.0,0.0,1.0,0.0,0.0,2019,2.0,87.5
140,1.0,0.0,0.0,0.0,0.0,1.0,1.0,0.0,0.0,0.0,2017,55.0,87.5
141,1.0,0.0,0.0,0.0,0.0,1.0,0.0,1.0,0.0,0.0,2015,48.0,87.5
142,1.0,0.0,0.0,0.0,0.0,1.0,1.0,0.0,0.0,0.0,2017,70.0,87.85
143,1.0,0.0,0.0,0.0,0.0,1.0,1.0,0.0,0.0,0.0,2017,54.0,88.0
144,1.0,0.0,0.0,0.0,1.0,0.0,0.0,1.0,0.0,0.0,2016,167.0,88.0
145,1.0,0.0,0.0,0.0,0.0,1.0,1.0,0.0,0.0,0.0,2016,146.85,88.5
146,1.0,0.0,0.0,1.0,0.0,0.0,0.0,1.0,0.0,0.0,2019,5.0,88.5
147,1.0,0.0,0.0,0.0,0.0,1.0,1.0,0.0,0.0,0.0,2017,58.0,88.85
148,1.0,0.0,0.0,0.0,1.0,0.0,0.0,1.0,0.0,0.0,2016,84.0,89.0
149,1.0,0.0,0.0,0.0,1.0,0.0,0.0,1.0,0.0,0.0,2019,3.5,89.0
150,1.0,0.0,0.0,0.0,0.0,1.0,0.0,1.0,0.0,0.0,2016,107.0,89.0
151,1.0,0.0,0.0,1.0,0.0,0.0,0.0,1.0,0.0,0.0,2019,6.4,89.5
152,0.0,1.0,0.0,1.0,0.0,0.0,0.0,1.0,0.0,0.0,2018,31.0,89.9
153,1.0,0.0,0.0,1.0,0.0,0.0,0.0,1.0,0.0,0.0,2019,2.0,90.0
154,1.0,0.0,0.0,0.0,0.0,1.0,1.0,0.0,0.0,0.0,2017,56.0,90.85
155,1.0,0.0,0.0,0.0,0.0,1.0,0.0,1.0,0.0,0.0,2018,69.2,91.0
156,1.0,0.0,0.0,0.0,0.0,1.0,0.0,1.0,0.0,0.0,2017,23.0,91.5
157,1.0,0.0,0.0,0.0,0.0,1.0,0.0,1.0,0.0,0.0,2016,112.0,91.5
158,1.0,0.0,0.0,0.0,0.0,1.0,0.0,0.0,1.0,0.0,2017,71.0,91.75
159,1.0,0.0,0.0,0.0,0.0,1.0,1.0,0.0,0.0,0.0,2016,66.0,91.85
160,1.0,0.0,0.0,0.0,0.0,1.0,1.0,0.0,0.0,0.0,2017,76.0,91.85
161,1.0,0.0,0.0,0.0,0.0,1.0,1.0,0.0,0.0,0.0,2017,43.0,91.85
162,1.0,0.0,0.0,0.0,0.0,1.0,1.0,0.0,0.0,0.0,2017,34.0,92.0
163,0.0,0.0,1.0,0.0,0.0,1.0,0.0,1.0,0.0,0.0,2016,101.0,92.0
164,1.0,0.0,0.0,1.0,0.0,0.0,0.0,1.0,0.0,0.0,2018,17.0,92.0
165,0.0,0.0,1.0,0.0,0.0,1.0,0.0,1.0,0.0,0.0,2017,46.0,92.85
166,0.0,0.0,1.0,0.0,0.0,1.0,0.0,1.0,0.0,0.0,2017,46.0,92.85
167,1.0,0.0,0.0,0.0,0.0,1.0,1.0,0.0,0.0,0.0,2017,118.0,92.95
168,1.0,0.0,0.0,0.0,0.0,1.0,1.0,0.0,0.0,0.0,2018,46.0,93.499
169,1.0,0.0,0.0,0.0,0.0,1.0,1.0,0.0,0.0,0.0,2016,75.0,93.95
170,1.0,0.0,0.0,1.0,0.0,0.0,0.0,1.0,0.0,0.0,2018,66.523,94.5
171,0.0,0.0,1.0,0.0,0.0,1.0,0.0,1.0,0.0,0.0,2017,82.0,94.85
172,1.0,0.0,0.0,0.0,0.0,1.0,1.0,0.0,0.0,0.0,2015,46.5,95.0
173,1.0,0.0,0.0,1.0,0.0,0.0,0.0,1.0,0.0,0.0,2018,24.0,95.5
174,1.0,0.0,0.0,0.0,0.0,1.0,1.0,0.0,0.0,0.0,2017,38.0,95.85
175,1.0,0.0,0.0,0.0,0.0,1.0,1.0,0.0,0.0,0.0,2017,50.0,95.85
176,1.0,0.0,0.0,0.0,0.0,1.0,1.0,0.0,0.0,0.0,2017,76.0,95.85
177,1.0,0.0,0.0,0.0,0.0,1.0,1.0,0.0,0.0,0.0,2017,25.0,95.85
178,1.0,0.0,0.0,0.0,0.0,1.0,1.0,0.0,0.0,0.0,2017,84.0,96.0
179,1.0,0.0,0.0,0.0,0.0,1.0,1.0,0.0,0.0,0.0,2018,58.5,96.5
180,1.0,0.0,0.0,0.0,0.0,1.0,1.0,0.0,0.0,0.0,2016,204.0,96.5
181,0.0,0.0,1.0,0.0,0.0,1.0,0.0,1.0,0.0,0.0,2016,65.0,96.75
182,1.0,0.0,0.0,0.0,0.0,1.0,1.0,0.0,0.0,0.0,2017,66.0,96.85
183,1.0,0.0,0.0,1.0,0.0,0.0,0.0,1.0,0.0,0.0,2016,93.0,96.95
184,0.0,1.0,0.0,0.0,1.0,0.0,0.0,1.0,0.0,0.0,2018,3.5,97.0
185,1.0,0.0,0.0,0.0,0.0,1.0,0.0,1.0,0.0,0.0,2017,32.0,97.0
186,1.0,0.0,0.0,1.0,0.0,0.0,0.0,1.0,0.0,0.0,2018,17.0,97.0
187,0.0,1.0,0.0,0.0,1.0,0.0,0.0,1.0,0.0,0.0,2018,3.5,97.0
188,1.0,0.0,0.0,0.0,1.0,0.0,0.0,1.0,0.0,0.0,2018,44.0,97.5
189,1.0,0.0,0.0,0.0,0.0,1.0,0.0,0.0,1.0,0.0,2015,102.0,97.5
190,1.0,0.0,0.0,0.0,0.0,1.0,1.0,0.0,0.0,0.0,2017,59.0,97.9
191,1.0,0.0,0.0,0.0,0.0,1.0,1.0,0.0,0.0,0.0,2018,61.0,97.9
192,1.0,0.0,0.0,0.0,0.0,1.0,1.0,0.0,0.0,0.0,2018,61.0,97.9
193,1.0,0.0,0.0,0.0,0.0,1.0,0.0,1.0,0.0,0.0,2015,143.0,97.9
194,0.0,0.0,1.0,0.0,0.0,1.0,0.0,1.0,0.0,0.0,2017,46.5,98.0
195,1.0,0.0,0.0,0.0,0.0,1.0,0.0,1.0,0.0,0.0,2015,128.0,99.0
196,1.0,0.0,0.0,0.0,0.0,1.0,1.0,0.0,0.0,0.0,2017,90.0,99.85
197,1.0,0.0,0.0,1.0,0.0,0.0,0.0,1.0,0.0,0.0,2019,0.0,99.95
198,1.0,0.0,0.0,0.0,0.0,1.0,1.0,0.0,0.0,0.0,2016,114.0,99.95
199,1.0,0.0,0.0,1.0,0.0,0.0,0.0,1.0,0.0,0.0,2018,77.0,99.999
200,1.0,0.0,0.0,0.0,0.0,1.0,1.0,0.0,0.0,0.0,2017,104.0,101.0
201,1.0,0.0,0.0,1.0,0.0,0.0,0.0,1.0,0.0,0.0,2019,20.0,101.5
202,1.0,0.0,0.0,0.0,0.0,1.0,1.0,0.0,0.0,0.0,2017,51.4,101.75
203,1.0,0.0,0.0,0.0,0.0,1.0,1.0,0.0,0.0,0.0,2017,51.4,101.75
204,1.0,0.0,0.0,1.0,0.0,0.0,0.0,1.0,0.0,0.0,2019,12.0,102.0
205,1.0,0.0,0.0,1.0,0.0,0.0,0.0,1.0,0.0,0.0,2020,6.5,102.5
206,1.0,0.0,0.0,1.0,0.0,0.0,0.0,1.0,0.0,0.0,2019,15.0,102.5
207,1.0,0.0,0.0,0.0,0.0,1.0,1.0,0.0,0.0,0.0,2017,53.0,102.5
208,1.0,0.0,0.0,0.0,0.0,1.0,1.0,0.0,0.0,0.0,2017,78.0,102.85
209,1.0,0.0,0.0,0.0,0.0,1.0,1.0,0.0,0.0,0.0,2017,84.0,102.85
210,1.0,0.0,0.0,1.0,0.0,0.0,0.0,1.0,0.0,0.0,2018,55.0,103.75
211,1.0,0.0,0.0,0.0,0.0,1.0,1.0,0.0,0.0,0.0,2017,79.0,103.85
212,1.0,0.0,0.0,0.0,0.0,1.0,1.0,0.0,0.0,0.0,2017,119.0,103.9
213,0.0,0.0,1.0,0.0,0.0,1.0,1.0,0.0,0.0,0.0,2017,136.0,104.5
214,1.0,0.0,0.0,0.0,0.0,1.0,1.0,0.0,0.0,0.0,2016,193.0,104.9
215,1.0,0.0,0.0,0.0,0.0,1.0,1.0,0.0,0.0,0.0,2016,125.0,105.0
216,1.0,0.0,0.0,0.0,0.0,1.0,0.0,1.0,0.0,0.0,2018,60.0,105.0
217,1.0,0.0,0.0,1.0,0.0,0.0,0.0,1.0,0.0,0.0,2019,19.0,105.0
218,1.0,0.0,0.0,0.0,0.0,1.0,1.0,0.0,0.0,0.0,2017,77.0,105.5
219,0.0,1.0,0.0,0.0,1.0,0.0,0.0,1.0,0.0,0.0,2017,61.0,105.5
220,1.0,0.0,0.0,0.0,0.0,1.0,1.0,0.0,0.0,0.0,2019,20.0,105.75
221,1.0,0.0,0.0,0.0,0.0,1.0,1.0,0.0,0.0,0.0,2016,220.0,105.75
222,1.0,0.0,0.0,0.0,0.0,1.0,1.0,0.0,0.0,0.0,2017,97.0,105.9
223,1.0,0.0,0.0,0.0,1.0,0.0,0.0,1.0,0.0,0.0,2019,7.2,106.0
224,1.0,0.0,0.0,0.0,0.0,1.0,1.0,0.0,0.0,0.0,2016,80.0,107.9
225,1.0,0.0,0.0,0.0,0.0,1.0,1.0,0.0,0.0,0.0,2017,167.0,108.5
226,1.0,0.0,0.0,0.0,0.0,1.0,1.0,0.0,0.0,0.0,2017,113.0,108.7
227,0.0,0.0,1.0,0.0,0.0,1.0,1.0,0.0,0.0,0.0,2018,66.0,108.85
228,1.0,0.0,0.0,0.0,0.0,1.0,0.0,1.0,0.0,0.0,2017,175.0,108.9
229,1.0,0.0,0.0,0.0,0.0,1.0,1.0,0.0,0.0,0.0,2016,181.0,109.0
230,1.0,0.0,0.0,0.0,0.0,1.0,1.0,0.0,0.0,0.0,2016,140.0,109.0
231,1.0,0.0,0.0,1.0,0.0,0.0,0.0,1.0,0.0,0.0,2018,15.0,109.0
232,1.0,0.0,0.0,0.0,1.0,0.0,0.0,1.0,0.0,0.0,2019,13.0,109.5
233,1.0,0.0,0.0,0.0,0.0,1.0,1.0,0.0,0.0,0.0,2016,142.0,109.9
234,1.0,0.0,0.0,0.0,0.0,1.0,1.0,0.0,0.0,0.0,2017,98.0,109.9
235,0.0,0.0,1.0,0.0,0.0,1.0,0.0,1.0,0.0,0.0,2017,64.0,110.85
236,1.0,0.0,0.0,1.0,0.0,0.0,0.0,1.0,0.0,0.0,2018,16.0,110.85
237,1.0,0.0,0.0,0.0,0.0,1.0,1.0,0.0,0.0,0.0,2017,85.0,110.85
238,1.0,0.0,0.0,0.0,0.0,1.0,1.0,0.0,0.0,0.0,2016,117.0,111.0
239,1.0,0.0,0.0,0.0,0.0,1.0,1.0,0.0,0.0,0.0,2016,160.0,111.5
240,1.0,0.0,0.0,0.0,0.0,1.0,1.0,0.0,0.0,0.0,2018,77.0,111.5
241,0.0,0.0,1.0,0.0,0.0,1.0,0.0,1.0,0.0,0.0,2018,66.0,111.75
242,1.0,0.0,0.0,0.0,0.0,1.0,1.0,0.0,0.0,0.0,2016,105.0,111.95
243,1.0,0.0,0.0,0.0,0.0,1.0,1.0,0.0,0.0,0.0,2015,159.0,112.0
244,1.0,0.0,0.0,1.0,0.0,0.0,0.0,1.0,0.0,0.0,2019,5.6,112.5
245,1.0,0.0,0.0,0.0,0.0,1.0,0.0,1.0,0.0,0.0,2016,195.0,112.5
246,1.0,0.0,0.0,0.0,1.0,0.0,0.0,1.0,0.0,0.0,2018,24.0,112.5
247,1.0,0.0,0.0,0.0,0.0,1.0,1.0,0.0,0.0,0.0,2017,70.0,112.75
248,1.0,0.0,0.0,0.0,0.0,1.0,1.0,0.0,0.0,0.0,2016,201.171,112.75
249,1.0,0.0,0.0,0.0,0.0,1.0,1.0,0.0,0.0,0.0,2017,152.0,112.75
250,1.0,0.0,0.0,0.0,0.0,1.0,0.0,1.0,0.0,0.0,2016,92.0,112.75
251,1.0,0.0,0.0,0.0,0.0,1.0,1.0,0.0,0.0,0.0,2016,110.0,112.85
252,1.0,0.0,0.0,0.0,0.0,1.0,1.0,0.0,0.0,0.0,2017,86.0,112.85
253,0.0,0.0,1.0,0.0,0.0,1.0,0.0,1.0,0.0,0.0,2017,78.0,112.85
254,1.0,0.0,0.0,1.0,0.0,0.0,0.0,1.0,0.0,0.0,2018,37.0,112.9
255,1.0,0.0,0.0,0.0,0.0,1.0,1.0,0.0,0.0,0.0,2017,132.0,113.0
256,1.0,0.0,0.0,1.0,0.0,0.0,0.0,1.0,0.0,0.0,2015,88.25,113.5
257,1.0,0.0,0.0,0.0,0.0,1.0,1.0,0.0,0.0,0.0,2016,72.7,114.5
258,1.0,0.0,0.0,0.0,0.0,1.0,1.0,0.0,0.0,0.0,2017,75.0,114.5
259,1.0,0.0,0.0,0.0,0.0,1.0,1.0,0.0,0.0,0.0,2016,117.0,114.75
260,1.0,0.0,0.0,0.0,0.0,1.0,1.0,0.0,0.0,0.0,2018,83.0,114.85
261,1.0,0.0,0.0,0.0,0.0,1.0,1.0,0.0,0.0,0.0,2016,83.0,114.95
262,1.0,0.0,0.0,0.0,0.0,1.0,0.0,1.0,0.0,0.0,2017,135.0,115.0
263,1.0,0.0,0.0,0.0,1.0,0.0,0.0,1.0,0.0,0.0,2018,85.0,115.0
264,1.0,0.0,0.0,0.0,0.0,1.0,1.0,0.0,0.0,0.0,2017,143.0,115.0
265,1.0,0.0,0.0,0.0,0.0,1.0,0.0,0.0,1.0,0.0,2018,2.8,115.0
266,1.0,0.0,0.0,0.0,0.0,1.0,0.0,0.0,1.0,0.0,2015,75.0,115.0
267,1.0,0.0,0.0,0.0,0.0,1.0,1.0,0.0,0.0,0.0,2017,169.0,115.0
268,1.0,0.0,0.0,0.0,0.0,1.0,1.0,0.0,0.0,0.0,2015,242.0,115.0
269,1.0,0.0,0.0,0.0,0.0,1.0,1.0,0.0,0.0,0.0,2017,113.0,115.75
270,0.0,0.0,1.0,0.0,0.0,1.0,0.0,1.0,0.0,0.0,2017,56.0,115.85
271,1.0,0.0,0.0,0.0,0.0,1.0,1.0,0.0,0.0,0.0,2018,93.0,116.0
272,0.0,0.0,1.0,0.0,0.0,1.0,0.0,1.0,0.0,0.0,2017,108.0,116.0
273,0.0,1.0,0.0,0.0,0.0,1.0,0.0,1.0,0.0,0.0,2017,40.3,116.5
274,1.0,0.0,0.0,0.0,0.0,1.0,1.0,0.0,0.0,0.0,2017,58.0,116.85
275,1.0,0.0,0.0,0.0,0.0,1.0,1.0,0.0,0.0,0.0,2019,12.0,116.85
276,0.0,0.0,1.0,0.0,0.0,1.0,0.0,1.0,0.0,0.0,2017,36.0,116.85
277,1.0,0.0,0.0,0.0,0.0,1.0,1.0,0.0,0.0,0.0,2017,56.0,116.85
278,0.0,0.0,1.0,0.0,0.0,1.0,1.0,0.0,0.0,0.0,2018,62.0,116.85
279,1.0,0.0,0.0,0.0,0.0,1.0,1.0,0.0,0.0,0.0,2017,102.0,116.9
280,1.0,0.0,0.0,0.0,1.0,0.0,0.0,1.0,0.0,0.0,2019,16.84,116.95
281,1.0,0.0,0.0,0.0,0.0,1.0,0.0,1.0,0.0,0.0,2017,59.908,117.0
282,1.0,0.0,0.0,0.0,1.0,0.0,0.0,1.0,0.0,0.0,2015,52.0,117.0
283,1.0,0.0,0.0,1.0,0.0,0.0,0.0,1.0,0.0,0.0,2019,5.42,117.0
284,1.0,0.0,0.0,0.0,0.0,1.0,1.0,0.0,0.0,0.0,2018,93.0,117.0
285,1.0,0.0,0.0,0.0,0.0,1.0,1.0,0.0,0.0,0.0,2015,89.0,117.5
286,1.0,0.0,0.0,0.0,0.0,1.0,1.0,0.0,0.0,0.0,2017,124.6,117.5
287,1.0,0.0,0.0,0.0,0.0,1.0,1.0,0.0,0.0,0.0,2017,127.524,117.75
288,1.0,0.0,0.0,0.0,0.0,1.0,1.0,0.0,0.0,0.0,2017,56.0,117.9
289,0.0,0.0,1.0,0.0,0.0,1.0,0.0,1.0,0.0,0.0,2017,73.0,117.95
290,0.0,1.0,0.0,0.0,0.0,1.0,0.0,1.0,0.0,0.0,2016,125.0,118.0
291,1.0,0.0,0.0,0.0,0.0,1.0,1.0,0.0,0.0,0.0,2017,57.0,118.5
292,1.0,0.0,0.0,0.0,0.0,1.0,1.0,0.0,0.0,0.0,2017,125.421,118.75
293,1.0,0.0,0.0,0.0,0.0,1.0,1.0,0.0,0.0,0.0,2018,180.0,118.75
294,1.0,0.0,0.0,0.0,0.0,1.0,1.0,0.0,0.0,0.0,2017,50.0,118.85
295,0.0,0.0,1.0,0.0,0.0,1.0,1.0,0.0,0.0,0.0,2018,64.0,118.85
296,1.0,0.0,0.0,0.0,0.0,1.0,1.0,0.0,0.0,0.0,2018,113.0,118.85
297,1.0,0.0,0.0,0.0,0.0,1.0,1.0,0.0,0.0,0.0,2018,36.0,118.85
298,1.0,0.0,0.0,0.0,0.0,1.0,1.0,0.0,0.0,0.0,2017,95.0,118.85
299,1.0,0.0,0.0,0.0,0.0,1.0,1.0,0.0,0.0,0.0,2017,93.0,118.9
300,1.0,0.0,0.0,1.0,0.0,0.0,0.0,1.0,0.0,0.0,2016,52.0,118.9
301,1.0,0.0,0.0,0.0,1.0,0.0,0.0,1.0,0.0,0.0,2018,64.0,118.9
302,1.0,0.0,0.0,0.0,1.0,0.0,0.0,1.0,0.0,0.0,2016,62.0,118.9
303,1.0,0.0,0.0,0.0,1.0,0.0,0.0,1.0,0.0,0.0,2019,17.0,118.9
304,1.0,0.0,0.0,0.0,1.0,0.0,0.0,1.0,0.0,0.0,2017,85.0,118.9
305,0.0,0.0,1.0,0.0,0.0,1.0,0.0,1.0,0.0,0.0,2017,73.0,118.95
306,1.0,0.0,0.0,0.0,0.0,1.0,1.0,0.0,0.0,0.0,2016,181.0,119.0
307,1.0,0.0,0.0,0.0,1.0,0.0,0.0,1.0,0.0,0.0,2016,89.0,119.0
308,1.0,0.0,0.0,0.0,1.0,0.0,0.0,1.0,0.0,0.0,2018,34.0,119.5
309,1.0,0.0,0.0,0.0,0.0,1.0,1.0,0.0,0.0,0.0,2017,80.0,119.7
310,1.0,0.0,0.0,0.0,0.0,1.0,1.0,0.0,0.0,0.0,2017,106.0,119.75
311,0.0,0.0,1.0,0.0,0.0,1.0,0.0,1.0,0.0,0.0,2017,168.0,119.8
312,0.0,0.0,1.0,0.0,0.0,1.0,0.0,1.0,0.0,0.0,2016,94.0,119.85
313,1.0,0.0,0.0,0.0,0.0,1.0,1.0,0.0,0.0,0.0,2017,141.0,119.9
314,1.0,0.0,0.0,1.0,0.0,0.0,0.0,1.0,0.0,0.0,2019,17.0,119.9
315,1.0,0.0,0.0,0.0,0.0,1.0,1.0,0.0,0.0,0.0,2017,127.0,119.9
316,1.0,0.0,0.0,1.0,0.0,0.0,0.0,1.0,0.0,0.0,2020,0.0,119.95
317,1.0,0.0,0.0,0.0,0.0,1.0,1.0,0.0,0.0,0.0,2016,161.0,120.0
318,1.0,0.0,0.0,1.0,0.0,0.0,0.0,1.0,0.0,0.0,2019,1.2,120.0
319,0.0,1.0,0.0,0.0,0.0,1.0,0.0,1.0,0.0,0.0,2017,107.0,120.0
320,1.0,0.0,0.0,0.0,0.0,1.0,1.0,0.0,0.0,0.0,2015,159.0,120.0
321,1.0,0.0,0.0,0.0,0.0,1.0,1.0,0.0,0.0,0.0,2018,72.5,120.0
322,1.0,0.0,0.0,0.0,0.0,1.0,1.0,0.0,0.0,0.0,2017,161.0,121.0
323,1.0,0.0,0.0,0.0,1.0,0.0,0.0,1.0,0.0,0.0,2019,55.0,121.75
324,0.0,0.0,1.0,0.0,0.0,1.0,0.0,1.0,0.0,0.0,2018,62.0,121.75
325,1.0,0.0,0.0,0.0,0.0,1.0,1.0,0.0,0.0,0.0,2017,58.0,121.85
326,0.0,0.0,1.0,0.0,0.0,1.0,0.0,1.0,0.0,0.0,2017,87.0,122.0
327,1.0,0.0,0.0,0.0,0.0,1.0,1.0,0.0,0.0,0.0,2016,150.0,122.0
328,1.0,0.0,0.0,0.0,1.0,0.0,0.0,1.0,0.0,0.0,2018,16.5,122.5
329,1.0,0.0,0.0,0.0,0.0,1.0,1.0,0.0,0.0,0.0,2017,75.0,122.5
330,1.0,0.0,0.0,0.0,1.0,0.0,0.0,1.0,0.0,0.0,2018,39.38,122.75
331,1.0,0.0,0.0,0.0,0.0,1.0,1.0,0.0,0.0,0.0,2017,121.65,123.0
332,1.0,0.0,0.0,0.0,0.0,1.0,1.0,0.0,0.0,0.0,2016,131.0,123.0
333,1.0,0.0,0.0,0.0,0.0,1.0,1.0,0.0,0.0,0.0,2017,124.352,123.5
334,1.0,0.0,0.0,0.0,0.0,1.0,1.0,0.0,0.0,0.0,2016,150.0,123.5
335,1.0,0.0,0.0,0.0,0.0,1.0,1.0,0.0,0.0,0.0,2017,95.0,123.85
336,1.0,0.0,0.0,0.0,0.0,1.0,1.0,0.0,0.0,0.0,2016,100.0,123.95
337,1.0,0.0,0.0,0.0,0.0,1.0,1.0,0.0,0.0,0.0,2016,141.5,124.0
338,1.0,0.0,0.0,0.0,0.0,1.0,0.0,0.0,1.0,0.0,2017,122.3,124.5
339,0.0,0.0,1.0,0.0,0.0,1.0,0.0,1.0,0.0,0.0,2017,47.0,124.5
340,1.0,0.0,0.0,0.0,0.0,1.0,1.0,0.0,0.0,0.0,2017,113.47,124.75
341,1.0,0.0,0.0,0.0,0.0,1.0,1.0,0.0,0.0,0.0,2017,64.0,124.85
342,1.0,0.0,0.0,0.0,0.0,1.0,1.0,0.0,0.0,0.0,2017,90.0,124.85
343,1.0,0.0,0.0,1.0,0.0,0.0,0.0,1.0,0.0,0.0,2019,8.0,124.95
344,1.0,0.0,0.0,0.0,0.0,1.0,1.0,0.0,0.0,0.0,2017,101.0,124.95
345,1.0,0.0,0.0,0.0,0.0,1.0,1.0,0.0,0.0,0.0,2016,146.0,125.0
346,1.0,0.0,0.0,1.0,0.0,0.0,0.0,1.0,0.0,0.0,2019,10.0,125.0
347,1.0,0.0,0.0,0.0,0.0,1.0,1.0,0.0,0.0,0.0,2016,129.04,125.0
348,1.0,0.0,0.0,0.0,0.0,1.0,1.0,0.0,0.0,0.0,2017,95.0,125.0
349,1.0,0.0,0.0,0.0,1.0,0.0,0.0,1.0,0.0,0.0,2018,37.0,125.5
350,0.0,0.0,1.0,0.0,0.0,1.0,0.0,1.0,0.0,0.0,2017,76.0,125.85
351,0.0,0.0,1.0,0.0,0.0,1.0,0.0,1.0,0.0,0.0,2017,46.0,125.85
352,0.0,0.0,1.0,0.0,0.0,1.0,0.0,1.0,0.0,0.0,2016,42.0,125.85
353,1.0,0.0,0.0,0.0,0.0,1.0,1.0,0.0,0.0,0.0,2017,95.0,125.9
354,1.0,0.0,0.0,0.0,0.0,1.0,1.0,0.0,0.0,0.0,2018,78.3,125.9
355,1.0,0.0,0.0,0.0,0.0,1.0,1.0,0.0,0.0,0.0,2017,95.0,125.9
356,1.0,0.0,0.0,0.0,0.0,1.0,1.0,0.0,0.0,0.0,2016,129.04,126.5
357,1.0,0.0,0.0,0.0,0.0,1.0,1.0,0.0,0.0,0.0,2017,119.5,126.5
358,1.0,0.0,0.0,0.0,0.0,1.0,1.0,0.0,0.0,0.0,2017,119.0,126.608
359,1.0,0.0,0.0,1.0,0.0,0.0,0.0,1.0,0.0,0.0,2019,37.635,126.75
360,0.0,0.0,1.0,0.0,0.0,1.0,0.0,1.0,0.0,0.0,2017,79.0,126.9
361,1.0,0.0,0.0,0.0,0.0,1.0,1.0,0.0,0.0,0.0,2017,60.0,126.9
362,0.0,1.0,0.0,0.0,0.0,1.0,0.0,1.0,0.0,0.0,2016,105.0,127.0
363,1.0,0.0,0.0,0.0,0.0,1.0,1.0,0.0,0.0,0.0,2017,145.0,127.0
364,1.0,0.0,0.0,0.0,0.0,1.0,1.0,0.0,0.0,0.0,2017,146.0,127.0
365,1.0,0.0,0.0,0.0,0.0,1.0,1.0,0.0,0.0,0.0,2017,116.0,127.5
366,1.0,0.0,0.0,0.0,1.0,0.0,0.0,1.0,0.0,0.0,2016,92.0,127.5
367,0.0,0.0,1.0,0.0,0.0,1.0,0.0,1.0,0.0,0.0,2017,164.0,127.75
368,1.0,0.0,0.0,0.0,0.0,1.0,1.0,0.0,0.0,0.0,2017,103.8,127.75
369,0.0,0.0,1.0,0.0,0.0,1.0,0.0,1.0,0.0,0.0,2018,79.0,127.85
370,1.0,0.0,0.0,1.0,0.0,0.0,0.0,1.0,0.0,0.0,2019,30.0,127.9
371,1.0,0.0,0.0,0.0,0.0,1.0,1.0,0.0,0.0,0.0,2017,64.0,127.9
372,1.0,0.0,0.0,1.0,0.0,0.0,0.0,1.0,0.0,0.0,2019,30.0,127.9
373,1.0,0.0,0.0,0.0,0.0,1.0,1.0,0.0,0.0,0.0,2017,141.5,128.0
374,1.0,0.0,0.0,0.0,1.0,0.0,0.0,1.0,0.0,0.0,2019,10.0,128.0
375,1.0,0.0,0.0,0.0,0.0,1.0,1.0,0.0,0.0,0.0,2017,139.0,128.0
376,1.0,0.0,0.0,0.0,0.0,1.0,1.0,0.0,0.0,0.0,2016,96.0,128.7
377,1.0,0.0,0.0,0.0,0.0,1.0,1.0,0.0,0.0,0.0,2017,124.0,128.75
378,1.0,0.0,0.0,0.0,0.0,1.0,1.0,0.0,0.0,0.0,2017,113.476,128.75
379,0.0,0.0,1.0,0.0,0.0,1.0,1.0,0.0,0.0,0.0,2018,64.0,128.85
380,0.0,0.0,1.0,0.0,0.0,1.0,0.0,1.0,0.0,0.0,2017,80.0,128.85
381,1.0,0.0,0.0,0.0,0.0,1.0,1.0,0.0,0.0,0.0,2017,72.0,128.9
382,1.0,0.0,0.0,0.0,0.0,1.0,1.0,0.0,0.0,0.0,2018,74.0,128.9
383,1.0,0.0,0.0,1.0,0.0,0.0,0.0,1.0,0.0,0.0,2019,30.0,128.9
384,1.0,0.0,0.0,1.0,0.0,0.0,0.0,1.0,0.0,0.0,2017,41.0,128.9
385,1.0,0.0,0.0,0.0,0.0,1.0,1.0,0.0,0.0,0.0,2016,112.0,129.0
386,1.0,0.0,0.0,0.0,0.0,1.0,1.0,0.0,0.0,0.0,2017,150.0,129.0
387,1.0,0.0,0.0,0.0,0.0,1.0,1.0,0.0,0.0,0.0,2017,85.0,129.5
388,0.0,0.0,1.0,0.0,0.0,1.0,0.0,1.0,0.0,0.0,2016,129.0,129.5
389,1.0,0.0,0.0,0.0,0.0,1.0,1.0,0.0,0.0,0.0,2016,61.0,129.5
390,1.0,0.0,0.0,0.0,0.0,1.0,1.0,0.0,0.0,0.0,2016,87.0,129.5
391,1.0,0.0,0.0,0.0,0.0,1.0,1.0,0.0,0.0,0.0,2017,80.0,129.75
392,1.0,0.0,0.0,0.0,0.0,1.0,1.0,0.0,0.0,0.0,2016,107.0,129.9
393,1.0,0.0,0.0,0.0,0.0,1.0,1.0,0.0,0.0,0.0,2016,170.0,129.9
394,1.0,0.0,0.0,0.0,0.0,1.0,1.0,0.0,0.0,0.0,2018,78.3,129.9
395,1.0,0.0,0.0,0.0,0.0,1.0,1.0,0.0,0.0,0.0,2016,105.336,129.9
396,1.0,0.0,0.0,0.0,0.0,1.0,0.0,1.0,0.0,0.0,2018,45.1,129.95
397,1.0,0.0,0.0,1.0,0.0,0.0,0.0,1.0,0.0,0.0,2018,6.5,129.999
398,1.0,0.0,0.0,0.0,0.0,1.0,1.0,0.0,0.0,0.0,2017,130.0,130.0
399,1.0,0.0,0.0,0.0,1.0,0.0,0.0,1.0,0.0,0.0,2017,50.415,130.0
400,1.0,0.0,0.0,1.0,0.0,0.0,0.0,1.0,0.0,0.0,2019,5.6,130.0
401,1.0,0.0,0.0,0.0,1.0,0.0,0.0,1.0,0.0,0.0,2017,50.0,130.0
402,0.0,0.0,1.0,0.0,0.0,1.0,1.0,0.0,0.0,0.0,2018,32.0,130.5
403,1.0,0.0,0.0,1.0,0.0,0.0,0.0,1.0,0.0,0.0,2020,50.0,130.75
404,1.0,0.0,0.0,0.0,0.0,1.0,1.0,0.0,0.0,0.0,2017,70.0,130.85
405,1.0,0.0,0.0,1.0,0.0,0.0,0.0,1.0,0.0,0.0,2018,13.0,130.9
406,1.0,0.0,0.0,0.0,0.0,1.0,1.0,0.0,0.0,0.0,2017,87.0,130.9
407,1.0,0.0,0.0,0.0,0.0,1.0,1.0,0.0,0.0,0.0,2015,79.0,130.95
408,1.0,0.0,0.0,0.0,0.0,1.0,1.0,0.0,0.0,0.0,2015,79.0,130.95
409,1.0,0.0,0.0,0.0,0.0,1.0,1.0,0.0,0.0,0.0,2017,90.0,131.5
410,1.0,0.0,0.0,0.0,0.0,1.0,1.0,0.0,0.0,0.0,2017,103.802,131.75
411,1.0,0.0,0.0,0.0,0.0,1.0,0.0,1.0,0.0,0.0,2016,49.9,132.0
412,1.0,0.0,0.0,0.0,0.0,1.0,1.0,0.0,0.0,0.0,2016,23.5,132.0
413,1.0,0.0,0.0,0.0,0.0,1.0,1.0,0.0,0.0,0.0,2016,79.4,132.5
414,1.0,0.0,0.0,0.0,0.0,1.0,1.0,0.0,0.0,0.0,2016,58.0,132.5
415,1.0,0.0,0.0,0.0,0.0,1.0,1.0,0.0,0.0,0.0,2017,64.0,132.85
416,1.0,0.0,0.0,1.0,0.0,0.0,0.0,1.0,0.0,0.0,2018,22.0,133.0
417,1.0,0.0,0.0,0.0,0.0,1.0,1.0,0.0,0.0,0.0,2019,21.65,133.0
418,1.0,0.0,0.0,0.0,0.0,1.0,1.0,0.0,0.0,0.0,2018,57.5,133.5
419,1.0,0.0,0.0,0.0,0.0,1.0,1.0,0.0,0.0,0.0,2017,59.0,133.5
420,1.0,0.0,0.0,1.0,0.0,0.0,0.0,1.0,0.0,0.0,2020,4.0,134.0
421,1.0,0.0,0.0,0.0,1.0,0.0,0.0,1.0,0.0,0.0,2016,68.0,134.0
422,1.0,0.0,0.0,0.0,0.0,1.0,0.0,1.0,0.0,0.0,2018,48.0,134.9
423,1.0,0.0,0.0,0.0,0.0,1.0,1.0,0.0,0.0,0.0,2017,80.7,135.5
424,1.0,0.0,0.0,0.0,0.0,1.0,0.0,1.0,0.0,0.0,2016,110.0,135.75
425,1.0,0.0,0.0,0.0,0.0,1.0,1.0,0.0,0.0,0.0,2017,120.0,135.9
426,1.0,0.0,0.0,1.0,0.0,0.0,0.0,1.0,0.0,0.0,2020,698.0,136.0
427,1.0,0.0,0.0,1.0,0.0,0.0,0.0,1.0,0.0,0.0,2019,22.75,136.0
428,1.0,0.0,0.0,1.0,0.0,0.0,0.0,1.0,0.0,0.0,2020,14.2,136.25
429,1.0,0.0,0.0,0.0,0.0,1.0,0.0,1.0,0.0,0.0,2017,128.5,136.5
430,1.0,0.0,0.0,0.0,0.0,1.0,1.0,0.0,0.0,0.0,2018,80.0,136.5
431,1.0,0.0,0.0,0.0,0.0,1.0,1.0,0.0,0.0,0.0,2018,27.5,136.9
432,1.0,0.0,0.0,1.0,0.0,0.0,0.0,1.0,0.0,0.0,2020,1.0,136.99
433,1.0,0.0,0.0,0.0,0.0,1.0,1.0,0.0,0.0,0.0,2018,91.0,137.5
434,0.0,0.0,1.0,0.0,0.0,1.0,0.0,1.0,0.0,0.0,2018,32.5,137.5
435,0.0,0.0,1.0,0.0,0.0,1.0,0.0,1.0,0.0,0.0,2017,66.0,137.5
436,1.0,0.0,0.0,1.0,0.0,0.0,0.0,1.0,0.0,0.0,2020,111.0,137.9
437,1.0,0.0,0.0,0.0,0.0,1.0,0.0,1.0,0.0,0.0,2020,1.6,138.0
438,0.0,0.0,1.0,0.0,0.0,1.0,0.0,1.0,0.0,0.0,2017,190.0,138.0
439,1.0,0.0,0.0,1.0,0.0,0.0,0.0,1.0,0.0,0.0,2019,26.0,138.0
440,1.0,0.0,0.0,1.0,0.0,0.0,0.0,1.0,0.0,0.0,2020,1.6,138.0
441,1.0,0.0,0.0,0.0,0.0,1.0,1.0,0.0,0.0,0.0,2018,79.0,139.5
442,0.0,1.0,0.0,0.0,1.0,0.0,0.0,1.0,0.0,0.0,2016,56.0,139.85
443,1.0,0.0,0.0,0.0,1.0,0.0,0.0,1.0,0.0,0.0,2020,32.0,139.9
444,1.0,0.0,0.0,0.0,0.0,1.0,1.0,0.0,0.0,0.0,2018,84.0,140.0
445,1.0,0.0,0.0,1.0,0.0,0.0,1.0,0.0,0.0,0.0,2019,26.1,140.0
446,1.0,0.0,0.0,0.0,0.0,1.0,0.0,1.0,0.0,0.0,2016,170.0,140.0
447,0.0,0.0,1.0,0.0,0.0,1.0,0.0,1.0,0.0,0.0,2017,136.0,141.5
448,0.0,1.0,0.0,0.0,1.0,0.0,0.0,1.0,0.0,0.0,2017,31.0,141.5
449,1.0,0.0,0.0,1.0,0.0,0.0,0.0,1.0,0.0,0.0,2018,25.5,141.5
450,1.0,0.0,0.0,0.0,0.0,1.0,1.0,0.0,0.0,0.0,2017,35.0,141.95
451,1.0,0.0,0.0,1.0,0.0,0.0,0.0,1.0,0.0,0.0,2020,4.0,142.0
452,1.0,0.0,0.0,0.0,0.0,1.0,0.0,1.0,0.0,0.0,2016,61.0,142.5
453,0.0,0.0,1.0,0.0,0.0,1.0,0.0,1.0,0.0,0.0,2017,118.0,142.5
454,1.0,0.0,0.0,0.0,0.0,1.0,1.0,0.0,0.0,0.0,2019,35.25,142.5
455,0.0,0.0,1.0,0.0,0.0,1.0,0.0,1.0,0.0,0.0,2017,74.0,142.85
456,1.0,0.0,0.0,0.0,0.0,1.0,1.0,0.0,0.0,0.0,2017,173.5,143.0
457,0.0,0.0,1.0,0.0,0.0,1.0,0.0,1.0,0.0,0.0,2017,111.5,143.5
458,1.0,0.0,0.0,1.0,0.0,0.0,0.0,1.0,0.0,0.0,2020,0.0,144.0
459,0.0,0.0,1.0,0.0,0.0,1.0,0.0,1.0,0.0,0.0,2017,135.0,144.5
460,0.0,0.0,1.0,0.0,0.0,1.0,0.0,1.0,0.0,0.0,2017,49.0,145.0
461,1.0,0.0,0.0,0.0,0.0,1.0,1.0,0.0,0.0,0.0,2017,168.5,145.0
462,1.0,0.0,0.0,1.0,0.0,0.0,0.0,1.0,0.0,0.0,2020,10.0,145.5
463,0.0,0.0,1.0,0.0,0.0,1.0,0.0,1.0,0.0,0.0,2017,118.0,145.5
464,0.0,1.0,0.0,0.0,0.0,1.0,0.0,1.0,0.0,0.0,2017,100.0,145.9
465,0.0,0.0,1.0,0.0,0.0,1.0,0.0,1.0,0.0,0.0,2018,78.0,146.85
466,1.0,0.0,0.0,0.0,0.0,1.0,1.0,0.0,0.0,0.0,2020,0.0,147.25
467,1.0,0.0,0.0,0.0,0.0,1.0,1.0,0.0,0.0,0.0,2020,1.0,148.0
468,1.0,0.0,0.0,1.0,0.0,0.0,0.0,1.0,0.0,0.0,2020,2.0,148.25
469,1.0,0.0,0.0,0.0,1.0,0.0,0.0,1.0,0.0,0.0,2020,27.0,148.45
470,1.0,0.0,0.0,1.0,0.0,0.0,0.0,1.0,0.0,0.0,2019,27.0,148.9
471,0.0,0.0,1.0,0.0,0.0,1.0,0.0,1.0,0.0,0.0,2017,70.0,149.0
472,1.0,0.0,0.0,0.0,0.0,1.0,1.0,0.0,0.0,0.0,2017,38.0,149.0
473,1.0,0.0,0.0,0.0,0.0,1.0,1.0,0.0,0.0,0.0,2019,61.0,149.5
474,1.0,0.0,0.0,0.0,0.0,1.0,1.0,0.0,0.0,0.0,2019,61.0,149.5
475,1.0,0.0,0.0,1.0,0.0,0.0,0.0,1.0,0.0,0.0,2020,0.0,149.5
476,1.0,0.0,0.0,0.0,0.0,1.0,1.0,0.0,0.0,0.0,2020,12.5,149.75
477,1.0,0.0,0.0,0.0,0.0,1.0,1.0,0.0,0.0,0.0,2019,30.0,149.75
478,1.0,0.0,0.0,1.0,0.0,0.0,1.0,0.0,0.0,0.0,2019,16.5,149.85
479,1.0,0.0,0.0,0.0,0.0,1.0,1.0,0.0,0.0,0.0,2019,45.0,149.9
480,1.0,0.0,0.0,1.0,0.0,0.0,0.0,1.0,0.0,0.0,2020,14.5,149.9
481,1.0,0.0,0.0,1.0,0.0,0.0,0.0,1.0,0.0,0.0,2020,9.45,151.0
482,1.0,0.0,0.0,0.0,0.0,1.0,0.0,0.0,1.0,0.0,2016,117.0,151.5
483,0.0,0.0,1.0,0.0,0.0,1.0,0.0,1.0,0.0,0.0,2018,114.0,152.0
484,0.0,1.0,0.0,0.0,1.0,0.0,0.0,0.0,1.0,0.0,2018,24.5,152.5
485,0.0,0.0,1.0,0.0,0.0,1.0,0.0,1.0,0.0,0.0,2016,115.0,152.5
486,1.0,0.0,0.0,0.0,0.0,1.0,1.0,0.0,0.0,0.0,2018,48.0,153.0
487,1.0,0.0,0.0,1.0,0.0,0.0,0.0,1.0,0.0,0.0,2020,10.0,153.0
488,1.0,0.0,0.0,1.0,0.0,0.0,0.0,1.0,0.0,0.0,2020,0.0,153.0
489,0.0,1.0,0.0,0.0,0.0,1.0,0.0,0.0,1.0,0.0,2017,128.0,153.0
490,0.0,1.0,0.0,0.0,1.0,0.0,0.0,1.0,0.0,0.0,2016,35.0,153.5
491,1.0,0.0,0.0,0.0,0.0,1.0,1.0,0.0,0.0,0.0,2020,11.0,153.75
492,1.0,0.0,0.0,0.0,1.0,0.0,0.0,1.0,0.0,0.0,2019,19.0,154.0
493,1.0,0.0,0.0,0.0,0.0,1.0,0.0,1.0,0.0,0.0,2016,54.0,154.5
494,1.0,0.0,0.0,0.0,0.0,1.0,0.0,1.0,0.0,0.0,2018,20.882,155.0
495,1.0,0.0,0.0,0.0,0.0,1.0,1.0,0.0,0.0,0.0,2020,0.0,155.0
496,0.0,0.0,1.0,0.0,0.0,1.0,0.0,1.0,0.0,0.0,2016,156.0,155.0
497,1.0,0.0,0.0,1.0,0.0,0.0,0.0,1.0,0.0,0.0,2020,0.0,156.0
498,0.0,0.0,1.0,0.0,0.0,1.0,0.0,1.0,0.0,0.0,2017,82.5,156.5
499,1.0,0.0,0.0,1.0,0.0,0.0,0.0,1.0,0.0,0.0,2020,11.0,156.75
500,1.0,0.0,0.0,1.0,0.0,0.0,0.0,1.0,0.0,0.0,2020,6.0,158.0
501,0.0,1.0,0.0,1.0,0.0,0.0,0.0,1.0,0.0,0.0,2017,29.257,158.0
502,0.0,1.0,0.0,0.0,1.0,0.0,0.0,0.0,1.0,0.0,2016,62.5,158.0
503,0.0,0.0,1.0,0.0,0.0,1.0,0.0,1.0,0.0,0.0,2017,151.0,158.95
504,1.0,0.0,0.0,0.0,0.0,1.0,1.0,0.0,0.0,0.0,2019,42.5,159.0
505,1.0,0.0,0.0,0.0,0.0,1.0,0.0,0.0,1.0,0.0,2016,65.0,159.0
506,0.0,0.0,1.0,0.0,0.0,1.0,0.0,1.0,0.0,0.0,2017,150.0,159.95
507,0.0,0.0,1.0,0.0,0.0,1.0,0.0,1.0,0.0,0.0,2017,149.5,159.95
508,1.0,0.0,0.0,1.0,0.0,0.0,0.0,1.0,0.0,0.0,2020,0.0,160.0
509,1.0,0.0,0.0,1.0,0.0,0.0,0.0,1.0,0.0,0.0,2020,4.0,160.0
510,1.0,0.0,0.0,0.0,0.0,1.0,1.0,0.0,0.0,0.0,2020,0.0,160.9
511,1.0,0.0,0.0,0.0,0.0,1.0,0.0,1.0,0.0,0.0,2016,80.0,161.5
512,1.0,0.0,0.0,0.0,0.0,1.0,1.0,0.0,0.0,0.0,2020,0.0,161.5
513,1.0,0.0,0.0,0.0,0.0,1.0,0.0,1.0,0.0,0.0,2016,128.0,162.0
514,1.0,0.0,0.0,1.0,0.0,0.0,1.0,0.0,0.0,0.0,2020,1.6,162.5
515,1.0,0.0,0.0,1.0,0.0,0.0,1.0,0.0,0.0,0.0,2020,1.6,162.5
516,1.0,0.0,0.0,0.0,0.0,1.0,1.0,0.0,0.0,0.0,2020,16.0,165.9
517,1.0,0.0,0.0,0.0,0.0,1.0,1.0,0.0,0.0,0.0,2020,14.0,167.5
518,1.0,0.0,0.0,1.0,0.0,0.0,0.0,1.0,0.0,0.0,2020,0.0,169.0
519,1.0,0.0,0.0,0.0,0.0,1.0,1.0,0.0,0.0,0.0,2020,34.0,169.0
520,0.0,0.0,1.0,0.0,0.0,1.0,0.0,0.0,1.0,0.0,2016,97.0,169.0
521,0.0,1.0,0.0,0.0,0.0,1.0,1.0,0.0,0.0,0.0,2018,86.0,169.5
522,0.0,1.0,0.0,0.0,1.0,0.0,0.0,1.0,0.0,0.0,2019,49.0,169.9
523,1.0,0.0,0.0,0.0,1.0,0.0,0.0,1.0,0.0,0.0,2020,6.2,170.0
524,0.0,0.0,1.0,0.0,0.0,1.0,0.0,1.0,0.0,0.0,2017,67.0,170.0
525,0.0,0.0,1.0,0.0,0.0,1.0,0.0,1.0,0.0,0.0,2017,33.8,170.0
526,0.0,1.0,0.0,1.0,0.0,0.0,0.0,1.0,0.0,0.0,2017,71.0,175.0
527,1.0,0.0,0.0,0.0,0.0,1.0,1.0,0.0,0.0,0.0,2020,3.8,175.5
528,0.0,1.0,0.0,0.0,0.0,1.0,0.0,1.0,0.0,0.0,2017,75.0,177.5
529,1.0,0.0,0.0,0.0,0.0,1.0,1.0,0.0,0.0,0.0,2020,0.0,177.5
530,0.0,0.0,1.0,0.0,0.0,1.0,0.0,1.0,0.0,0.0,2018,30.85,178.5
531,1.0,0.0,0.0,0.0,0.0,1.0,1.0,0.0,0.0,0.0,2020,0.0,178.9
532,1.0,0.0,0.0,0.0,0.0,1.0,1.0,0.0,0.0,0.0,2020,1.0,181.5
533,0.0,1.0,0.0,0.0,1.0,0.0,0.0,1.0,0.0,0.0,2018,26.5,182.0
534,1.0,0.0,0.0,0.0,0.0,1.0,1.0,0.0,0.0,0.0,2020,0.0,182.0
535,1.0,0.0,0.0,0.0,0.0,1.0,1.0,0.0,0.0,0.0,2020,0.0,182.499
536,0.0,1.0,0.0,1.0,0.0,0.0,0.0,1.0,0.0,0.0,2018,30.5,182.5
537,1.0,0.0,0.0,0.0,0.0,1.0,1.0,0.0,0.0,0.0,2020,0.0,182.5
538,1.0,0.0,0.0,0.0,0.0,1.0,1.0,0.0,0.0,0.0,2020,10.0,182.9
539,1.0,0.0,0.0,0.0,0.0,1.0,1.0,0.0,0.0,0.0,2020,1.0,182.9
540,1.0,0.0,0.0,0.0,0.0,1.0,1.0,0.0,0.0,0.0,2020,111.0,182.9
541,1.0,0.0,0.0,0.0,0.0,1.0,1.0,0.0,0.0,0.0,2020,50.0,183.95
542,1.0,0.0,0.0,0.0,0.0,1.0,1.0,0.0,0.0,0.0,2020,0.0,185.0
543,1.0,0.0,0.0,0.0,0.0,1.0,1.0,0.0,0.0,0.0,2020,250.0,185.75
544,0.0,0.0,1.0,0.0,0.0,1.0,0.0,0.0,1.0,0.0,2017,54.22,186.0
545,0.0,0.0,1.0,0.0,0.0,1.0,0.0,1.0,0.0,0.0,2018,63.0,186.75
546,1.0,0.0,0.0,0.0,0.0,1.0,1.0,0.0,0.0,0.0,2020,25.0,189.5
547,1.0,0.0,0.0,0.0,0.0,1.0,1.0,0.0,0.0,0.0,2020,0.0,192.0
548,0.0,0.0,1.0,0.0,0.0,1.0,0.0,1.0,0.0,0.0,2019,27.0,206.5
549,1.0,0.0,0.0,0.0,0.0,1.0,1.0,0.0,0.0,0.0,2020,0.0,207.0
550,0.0,0.0,1.0,0.0,0.0,1.0,0.0,1.0,0.0,0.0,2020,4.576,210.0
551,1.0,0.0,0.0,0.0,0.0,1.0,1.0,0.0,0.0,0.0,2020,0.0,212.0
552,1.0,0.0,0.0,0.0,0.0,1.0,1.0,0.0,0.0,0.0,2020,0.0,217.0
553,0.0,1.0,0.0,0.0,0.0,1.0,0.0,1.0,0.0,0.0,2020,0.0,219.5
554,0.0,0.0,1.0,0.0,0.0,1.0,0.0,1.0,0.0,0.0,2020,0.0,219.5
555,0.0,0.0,1.0,0.0,0.0,1.0,0.0,1.0,0.0,0.0,2020,0.0,226.5
556,0.0,0.0,1.0,0.0,0.0,1.0,0.0,1.0,0.0,0.0,2020,0.0,228.5
557,0.0,0.0,1.0,0.0,0.0,1.0,0.0,1.0,0.0,0.0,2020,0.0,237.0
558,1.0,0.0,0.0,0.0,0.0,1.0,1.0,0.0,0.0,0.0,2016,74.0,278.1
559,1.0,0.0,0.0,1.0,0.0,0.0,0.0,1.0,0.0,0.0,2020,6.25,90.0
560,1.0,0.0,0.0,0.0,1.0,0.0,0.0,1.0,0.0,0.0,2016,75.0,105.0
561,1.0,0.0,0.0,0.0,0.0,1.0,1.0,0.0,0.0,0.0,2016,118.0,109.0
562,1.0,0.0,0.0,0.0,0.0,1.0,1.0,0.0,0.0,0.0,2016,128.0,110.85
563,1.0,0.0,0.0,0.0,0.0,1.0,1.0,0.0,0.0,0.0,2016,106.0,111.0
564,1.0,0.0,0.0,0.0,0.0,1.0,1.0,0.0,0.0,0.0,2017,175.0,112.5
565,1.0,0.0,0.0,0.0,0.0,1.0,1.0,0.0,0.0,0.0,2017,118.5,112.75
566,1.0,0.0,0.0,0.0,0.0,1.0,1.0,0.0,0.0,0.0,2017,96.0,112.85
567,1.0,0.0,0.0,0.0,0.0,1.0,1.0,0.0,0.0,0.0,2016,106.0,112.95
568,1.0,0.0,0.0,0.0,0.0,1.0,1.0,0.0,0.0,0.0,2017,93.0,113.9
569,1.0,0.0,0.0,0.0,0.0,1.0,1.0,0.0,0.0,0.0,2017,139.0,114.85
570,1.0,0.0,0.0,0.0,0.0,1.0,1.0,0.0,0.0,0.0,2017,90.0,115.0
571,1.0,0.0,0.0,1.0,0.0,0.0,1.0,0.0,0.0,0.0,2018,65.0,115.95
572,1.0,0.0,0.0,0.0,0.0,1.0,1.0,0.0,0.0,0.0,2017,152.0,115.95
573,1.0,0.0,0.0,0.0,0.0,1.0,1.0,0.0,0.0,0.0,2017,126.0,115.95
574,1.0,0.0,0.0,0.0,0.0,1.0,1.0,0.0,0.0,0.0,2017,141.0,116.5
575,1.0,0.0,0.0,0.0,0.0,1.0,1.0,0.0,0.0,0.0,2017,137.0,116.5
576,1.0,0.0,0.0,0.0,0.0,1.0,1.0,0.0,0.0,0.0,2017,104.0,116.85
577,1.0,0.0,0.0,0.0,0.0,1.0,1.0,0.0,0.0,0.0,2017,73.0,116.95
578,1.0,0.0,0.0,0.0,0.0,1.0,1.0,0.0,0.0,0.0,2017,145.0,356.8
579,1.0,0.0,0.0,0.0,0.0,1.0,1.0,0.0,0.0,0.0,2020,13.889,117.5
580,1.0,0.0,0.0,0.0,0.0,1.0,1.0,0.0,0.0,0.0,2017,88.0,118.0
581,1.0,0.0,0.0,0.0,0.0,1.0,1.0,0.0,0.0,0.0,2017,121.324,118.0
582,1.0,0.0,0.0,0.0,0.0,1.0,1.0,0.0,0.0,0.0,2017,95.0,118.0
583,1.0,0.0,0.0,0.0,1.0,0.0,0.0,1.0,0.0,0.0,2016,137.0,118.0
584,1.0,0.0,0.0,1.0,0.0,0.0,0.0,1.0,0.0,0.0,2015,48.5,118.95
585,1.0,0.0,0.0,0.0,0.0,1.0,1.0,0.0,0.0,0.0,2017,123.0,118.95
586,1.0,0.0,0.0,0.0,0.0,1.0,1.0,0.0,0.0,0.0,2017,101.0,118.95
587,1.0,0.0,0.0,0.0,0.0,1.0,1.0,0.0,0.0,0.0,2017,98.0,118.95
588,1.0,0.0,0.0,0.0,0.0,1.0,1.0,0.0,0.0,0.0,2018,134.0,118.95
589,1.0,0.0,0.0,0.0,0.0,1.0,1.0,0.0,0.0,0.0,2017,120.0,118.95
590,1.0,0.0,0.0,0.0,0.0,1.0,1.0,0.0,0.0,0.0,2017,79.0,118.95
591,1.0,0.0,0.0,0.0,0.0,1.0,1.0,0.0,0.0,0.0,2017,88.0,118.95
592,1.0,0.0,0.0,0.0,0.0,1.0,1.0,0.0,0.0,0.0,2017,125.0,119.75
593,1.0,0.0,0.0,0.0,0.0,1.0,1.0,0.0,0.0,0.0,2016,100.0,119.95
594,1.0,0.0,0.0,0.0,0.0,1.0,1.0,0.0,0.0,0.0,2017,87.0,119.95
595,1.0,0.0,0.0,0.0,0.0,1.0,1.0,0.0,0.0,0.0,2017,120.0,120.95
596,1.0,0.0,0.0,0.0,0.0,1.0,1.0,0.0,0.0,0.0,2017,123.0,121.0
597,1.0,0.0,0.0,0.0,1.0,0.0,0.0,1.0,0.0,0.0,2016,240.0,121.75
598,1.0,0.0,0.0,0.0,0.0,1.0,1.0,0.0,0.0,0.0,2018,67.0,397.0
599,1.0,0.0,0.0,0.0,0.0,1.0,0.0,1.0,0.0,0.0,2021,14.368,121.95
600,1.0,0.0,0.0,0.0,0.0,1.0,1.0,0.0,0.0,0.0,2017,56.0,121.95
601,1.0,0.0,0.0,0.0,0.0,1.0,1.0,0.0,0.0,0.0,2018,69.0,122.25
602,1.0,0.0,0.0,0.0,0.0,1.0,1.0,0.0,0.0,0.0,2018,81.0,122.25
603,1.0,0.0,0.0,0.0,0.0,1.0,1.0,0.0,0.0,0.0,2018,97.627,122.25
604,1.0,0.0,0.0,0.0,0.0,1.0,1.0,0.0,0.0,0.0,2016,138.0,122.25
605,1.0,0.0,0.0,0.0,0.0,1.0,1.0,0.0,0.0,0.0,2018,91.0,122.25
606,1.0,0.0,0.0,0.0,0.0,1.0,1.0,0.0,0.0,0.0,2018,77.0,122.25
607,1.0,0.0,0.0,0.0,0.0,1.0,1.0,0.0,0.0,0.0,2018,88.0,122.25
608,1.0,0.0,0.0,0.0,0.0,1.0,1.0,0.0,0.0,0.0,2018,54.0,122.5
609,1.0,0.0,0.0,0.0,0.0,1.0,1.0,0.0,0.0,0.0,2017,85.0,122.85
610,1.0,0.0,0.0,0.0,0.0,1.0,1.0,0.0,0.0,0.0,2017,80.0,123.5
611,1.0,0.0,0.0,0.0,0.0,1.0,1.0,0.0,0.0,0.0,2017,99.0,123.9
612,1.0,0.0,0.0,0.0,0.0,1.0,0.0,1.0,0.0,0.0,2017,100.0,123.9
613,1.0,0.0,0.0,0.0,0.0,1.0,1.0,0.0,0.0,0.0,2017,56.0,124.0
614,1.0,0.0,0.0,0.0,0.0,1.0,1.0,0.0,0.0,0.0,2017,219.0,124.75
615,1.0,0.0,0.0,1.0,0.0,0.0,0.0,1.0,0.0,0.0,2020,7.45,124.9
616,1.0,0.0,0.0,0.0,0.0,1.0,1.0,0.0,0.0,0.0,2017,110.0,124.999
617,1.0,0.0,0.0,0.0,0.0,1.0,0.0,1.0,0.0,0.0,2015,168.999,125.0
618,1.0,0.0,0.0,1.0,0.0,0.0,0.0,1.0,0.0,0.0,2015,93.0,311.6
619,1.0,0.0,0.0,1.0,0.0,0.0,1.0,0.0,0.0,0.0,2021,12.085,125.0
620,1.0,0.0,0.0,0.0,0.0,1.0,1.0,0.0,0.0,0.0,2016,132.1,125.5
621,1.0,0.0,0.0,0.0,0.0,1.0,1.0,0.0,0.0,0.0,2017,132.0,125.85
622,1.0,0.0,0.0,0.0,0.0,1.0,1.0,0.0,0.0,0.0,2017,112.0,125.85
623,1.0,0.0,0.0,0.0,0.0,1.0,1.0,0.0,0.0,0.0,2018,79.0,125.95
624,1.0,0.0,0.0,0.0,0.0,1.0,1.0,0.0,0.0,0.0,2017,101.0,125.95
625,1.0,0.0,0.0,0.0,0.0,1.0,1.0,0.0,0.0,0.0,2017,99.0,125.95
626,1.0,0.0,0.0,0.0,0.0,1.0,1.0,0.0,0.0,0.0,2018,76.0,125.95
627,1.0,0.0,0.0,0.0,0.0,1.0,1.0,0.0,0.0,0.0,2016,149.0,125.95
628,1.0,0.0,0.0,0.0,0.0,1.0,1.0,0.0,0.0,0.0,2016,109.0,125.95
629,1.0,0.0,0.0,0.0,0.0,1.0,1.0,0.0,0.0,0.0,2017,69.0,125.95
630,1.0,0.0,0.0,0.0,0.0,1.0,1.0,0.0,0.0,0.0,2018,127.0,125.95
631,1.0,0.0,0.0,0.0,0.0,1.0,1.0,0.0,0.0,0.0,2017,91.0,125.95
632,1.0,0.0,0.0,0.0,0.0,1.0,1.0,0.0,0.0,0.0,2017,117.0,125.95
633,1.0,0.0,0.0,0.0,0.0,1.0,1.0,0.0,0.0,0.0,2017,111.0,125.95
634,1.0,0.0,0.0,0.0,0.0,1.0,1.0,0.0,0.0,0.0,2017,104.0,125.95
635,1.0,0.0,0.0,0.0,0.0,1.0,1.0,0.0,0.0,0.0,2018,136.0,125.95
636,1.0,0.0,0.0,0.0,0.0,1.0,1.0,0.0,0.0,0.0,2017,129.0,125.95
637,1.0,0.0,0.0,0.0,0.0,1.0,1.0,0.0,0.0,0.0,2017,94.0,125.95
638,1.0,0.0,0.0,0.0,0.0,1.0,1.0,0.0,0.0,0.0,2018,62.0,289.7
639,1.0,0.0,0.0,1.0,0.0,0.0,1.0,0.0,0.0,0.0,2021,9.8,126.25
640,1.0,0.0,0.0,0.0,0.0,1.0,1.0,0.0,0.0,0.0,2017,110.0,126.5
641,1.0,0.0,0.0,0.0,0.0,1.0,0.0,1.0,0.0,0.0,2017,78.0,126.75
642,1.0,0.0,0.0,0.0,0.0,1.0,1.0,0.0,0.0,0.0,2017,165.54,126.85
643,0.0,1.0,0.0,1.0,0.0,0.0,0.0,1.0,0.0,0.0,2016,92.0,126.85
644,1.0,0.0,0.0,0.0,0.0,1.0,1.0,0.0,0.0,0.0,2016,110.0,126.9
645,1.0,0.0,0.0,0.0,0.0,1.0,1.0,0.0,0.0,0.0,2016,129.0,126.9
646,1.0,0.0,0.0,0.0,0.0,1.0,1.0,0.0,0.0,0.0,2017,159.6,127.5
647,1.0,0.0,0.0,0.0,0.0,1.0,1.0,0.0,0.0,0.0,2017,99.0,128.0
648,1.0,0.0,0.0,0.0,0.0,1.0,1.0,0.0,0.0,0.0,2017,140.0,128.25
649,1.0,0.0,0.0,0.0,0.0,1.0,1.0,0.0,0.0,0.0,2017,140.0,128.5
650,1.0,0.0,0.0,0.0,0.0,1.0,1.0,0.0,0.0,0.0,2017,185.575,128.95
651,1.0,0.0,0.0,0.0,0.0,1.0,1.0,0.0,0.0,0.0,2017,85.0,128.95
652,1.0,0.0,0.0,0.0,0.0,1.0,1.0,0.0,0.0,0.0,2018,122.0,129.75
653,1.0,0.0,0.0,0.0,0.0,1.0,1.0,0.0,0.0,0.0,2016,147.6,129.85
654,0.0,0.0,1.0,0.0,0.0,1.0,0.0,1.0,0.0,0.0,2017,116.0,129.9
655,1.0,0.0,0.0,0.0,0.0,1.0,1.0,0.0,0.0,0.0,2017,126.7,129.9
656,1.0,0.0,0.0,0.0,0.0,1.0,1.0,0.0,0.0,0.0,2017,154.3,129.95
657,1.0,0.0,0.0,0.0,0.0,1.0,1.0,0.0,0.0,0.0,2018,101.0,395.8
658,1.0,0.0,0.0,0.0,0.0,1.0,0.0,1.0,0.0,0.0,2021,13.5,130.0
659,1.0,0.0,0.0,0.0,0.0,1.0,0.0,1.0,0.0,0.0,2016,108.0,130.0
660,1.0,0.0,0.0,0.0,0.0,1.0,1.0,0.0,0.0,0.0,2017,158.182,131.0
661,1.0,0.0,0.0,0.0,0.0,1.0,1.0,0.0,0.0,0.0,2018,197.5,132.75
662,1.0,0.0,0.0,1.0,0.0,0.0,0.0,1.0,0.0,0.0,2020,6.0,132.85
663,0.0,0.0,1.0,0.0,0.0,1.0,0.0,1.0,0.0,0.0,2017,86.0,132.95
664,1.0,0.0,0.0,0.0,0.0,1.0,1.0,0.0,0.0,0.0,2018,99.0,133.0
665,1.0,0.0,0.0,0.0,0.0,1.0,1.0,0.0,0.0,0.0,2016,115.0,133.0
666,1.0,0.0,0.0,0.0,0.0,1.0,1.0,0.0,0.0,0.0,2017,124.0,133.9
667,1.0,0.0,0.0,0.0,0.0,1.0,1.0,0.0,0.0,0.0,2017,114.0,133.95
668,1.0,0.0,0.0,0.0,0.0,1.0,1.0,0.0,0.0,0.0,2018,122.0,133.95
669,1.0,0.0,0.0,0.0,0.0,1.0,1.0,0.0,0.0,0.0,2017,125.0,134.5
670,1.0,0.0,0.0,0.0,0.0,1.0,1.0,0.0,0.0,0.0,2017,159.0,134.5
671,1.0,0.0,0.0,1.0,0.0,0.0,0.0,1.0,0.0,0.0,2019,76.5,134.5
672,1.0,0.0,0.0,0.0,0.0,1.0,1.0,0.0,0.0,0.0,2017,197.0,134.5
673,0.0,0.0,1.0,0.0,0.0,1.0,0.0,1.0,0.0,0.0,2016,236.0,134.75
674,0.0,0.0,1.0,0.0,0.0,1.0,0.0,1.0,0.0,0.0,2017,139.0,134.75
675,1.0,0.0,0.0,0.0,0.0,1.0,1.0,0.0,0.0,0.0,2017,156.0,134.75
676,1.0,0.0,0.0,0.0,0.0,1.0,1.0,0.0,0.0,0.0,2017,86.0,134.75
677,1.0,0.0,0.0,0.0,0.0,1.0,1.0,0.0,0.0,0.0,2017,110.0,134.9
678,1.0,0.0,0.0,0.0,0.0,1.0,1.0,0.0,0.0,0.0,2017,119.0,134.95
679,1.0,0.0,0.0,0.0,0.0,1.0,1.0,0.0,0.0,0.0,2018,119.0,135.0
680,1.0,0.0,0.0,0.0,0.0,1.0,1.0,0.0,0.0,0.0,2017,176.0,135.0
681,1.0,0.0,0.0,0.0,0.0,1.0,1.0,0.0,0.0,0.0,2017,177.0,135.0
682,1.0,0.0,0.0,0.0,0.0,1.0,1.0,0.0,0.0,0.0,2018,47.0,135.0
683,1.0,0.0,0.0,0.0,0.0,1.0,1.0,0.0,0.0,0.0,2017,130.0,135.75
684,1.0,0.0,0.0,0.0,0.0,1.0,1.0,0.0,0.0,0.0,2017,128.5,135.75
685,1.0,0.0,0.0,0.0,0.0,1.0,1.0,0.0,0.0,0.0,2017,160.0,135.75
686,1.0,0.0,0.0,0.0,0.0,1.0,1.0,0.0,0.0,0.0,2017,113.0,136.0
687,1.0,0.0,0.0,1.0,0.0,0.0,1.0,0.0,0.0,0.0,2020,0.0,136.0
688,1.0,0.0,0.0,0.0,0.0,1.0,1.0,0.0,0.0,0.0,2016,99.0,136.0
689,1.0,0.0,0.0,0.0,1.0,0.0,0.0,1.0,0.0,0.0,2017,59.75,136.9
690,1.0,0.0,0.0,0.0,0.0,1.0,1.0,0.0,0.0,0.0,2017,100.0,137.5
691,1.0,0.0,0.0,0.0,0.0,1.0,1.0,0.0,0.0,0.0,2017,136.0,137.5
692,1.0,0.0,0.0,0.0,0.0,1.0,0.0,1.0,0.0,0.0,2018,186.0,137.75
693,1.0,0.0,0.0,0.0,0.0,1.0,1.0,0.0,0.0,0.0,2017,107.0,137.9
694,1.0,0.0,0.0,0.0,0.0,1.0,1.0,0.0,0.0,0.0,2018,106.2,137.999
695,1.0,0.0,0.0,0.0,1.0,0.0,0.0,1.0,0.0,0.0,2016,79.15,138.0
696,1.0,0.0,0.0,0.0,1.0,0.0,1.0,0.0,0.0,0.0,2017,60.0,354.7
697,1.0,0.0,0.0,1.0,0.0,0.0,1.0,0.0,0.0,0.0,2021,9.143,138.5
698,1.0,0.0,0.0,0.0,0.0,1.0,1.0,0.0,0.0,0.0,2018,46.5,138.75
699,0.0,0.0,1.0,0.0,0.0,1.0,0.0,1.0,0.0,0.0,2017,107.0,138.75
700,1.0,0.0,0.0,0.0,0.0,1.0,1.0,0.0,0.0,0.0,2017,121.5,138.75
701,1.0,0.0,0.0,0.0,0.0,1.0,1.0,0.0,0.0,0.0,2017,131.0,138.85
702,0.0,0.0,1.0,0.0,0.0,1.0,0.0,1.0,0.0,0.0,2017,75.0,139.0
703,1.0,0.0,0.0,1.0,0.0,0.0,0.0,1.0,0.0,0.0,2019,25.0,139.5
704,0.0,0.0,1.0,0.0,0.0,1.0,0.0,1.0,0.0,0.0,2017,126.0,139.5
705,0.0,1.0,0.0,0.0,0.0,1.0,0.0,0.0,1.0,0.0,2017,149.0,139.75
706,1.0,0.0,0.0,0.0,0.0,1.0,1.0,0.0,0.0,0.0,2018,106.0,139.85
707,1.0,0.0,0.0,0.0,0.0,1.0,1.0,0.0,0.0,0.0,2018,140.0,139.9
708,1.0,0.0,0.0,0.0,0.0,1.0,1.0,0.0,0.0,0.0,2017,140.0,139.9
709,1.0,0.0,0.0,0.0,0.0,1.0,1.0,0.0,0.0,0.0,2017,100.5,139.95
710,0.0,0.0,1.0,0.0,0.0,1.0,0.0,1.0,0.0,0.0,2017,134.0,139.999
711,1.0,0.0,0.0,0.0,1.0,0.0,0.0,1.0,0.0,0.0,2020,6.3,140.75
712,1.0,0.0,0.0,0.0,0.0,1.0,1.0,0.0,0.0,0.0,2018,137.0,140.75
713,1.0,0.0,0.0,0.0,0.0,1.0,1.0,0.0,0.0,0.0,2018,134.0,140.85
714,0.0,0.0,1.0,0.0,0.0,1.0,0.0,1.0,0.0,0.0,2018,76.0,140.95
715,1.0,0.0,0.0,0.0,0.0,1.0,1.0,0.0,0.0,0.0,2018,133.0,140.95
716,1.0,0.0,0.0,0.0,0.0,1.0,1.0,0.0,0.0,0.0,2018,136.0,250.4
717,1.0,0.0,0.0,0.0,0.0,1.0,0.0,1.0,0.0,0.0,2016,98.5,141.5
718,1.0,0.0,0.0,0.0,0.0,1.0,1.0,0.0,0.0,0.0,2018,77.0,141.5
719,1.0,0.0,0.0,1.0,0.0,0.0,0.0,1.0,0.0,0.0,2019,54.0,141.9
720,1.0,0.0,0.0,0.0,0.0,1.0,1.0,0.0,0.0,0.0,2018,98.0,142.0
721,1.0,0.0,0.0,0.0,0.0,1.0,1.0,0.0,0.0,0.0,2017,125.0,142.5
722,0.0,1.0,0.0,0.0,0.0,1.0,1.0,0.0,0.0,0.0,2018,73.014,142.95
723,0.0,0.0,1.0,0.0,0.0,1.0,0.0,1.0,0.0,0.0,2017,124.0,142.95
724,1.0,0.0,0.0,0.0,0.0,1.0,1.0,0.0,0.0,0.0,2018,101.0,143.0
725,1.0,0.0,0.0,1.0,0.0,0.0,1.0,0.0,0.0,0.0,2016,12.0,143.5
726,1.0,0.0,0.0,0.0,0.0,1.0,1.0,0.0,0.0,0.0,2017,171.65,144.5
727,1.0,0.0,0.0,0.0,0.0,1.0,1.0,0.0,0.0,0.0,2017,87.0,144.5
728,0.0,0.0,1.0,0.0,0.0,1.0,0.0,1.0,0.0,0.0,2016,134.0,144.75
729,1.0,0.0,0.0,0.0,0.0,1.0,1.0,0.0,0.0,0.0,2018,126.0,144.85
730,0.0,0.0,1.0,0.0,0.0,1.0,0.0,1.0,0.0,0.0,2017,116.0,144.999
731,1.0,0.0,0.0,0.0,0.0,1.0,1.0,0.0,0.0,0.0,2018,121.15,144.999
732,1.0,0.0,0.0,0.0,0.0,1.0,1.0,0.0,0.0,0.0,2018,121.15,144.999
733,1.0,0.0,0.0,1.0,0.0,0.0,0.0,1.0,0.0,0.0,2018,35.845,145.0
734,0.0,0.0,1.0,0.0,0.0,1.0,0.0,1.0,0.0,0.0,2017,97.0,145.0
735,1.0,0.0,0.0,1.0,0.0,0.0,0.0,1.0,0.0,0.0,2020,2.58,145.0
736,1.0,0.0,0.0,1.0,0.0,0.0,0.0,1.0,0.0,0.0,2018,35.0,145.85
737,0.0,0.0,1.0,0.0,0.0,1.0,0.0,1.0,0.0,0.0,2018,86.0,145.95
738,0.0,0.0,1.0,0.0,0.0,1.0,0.0,1.0,0.0,0.0,2017,135.0,145.95
739,0.0,0.0,1.0,0.0,0.0,1.0,0.0,1.0,0.0,0.0,2017,94.0,146.0
740,1.0,0.0,0.0,1.0,0.0,0.0,0.0,1.0,0.0,0.0,2019,35.5,146.0
741,1.0,0.0,0.0,0.0,0.0,1.0,1.0,0.0,0.0,0.0,2019,103.274,146.5
742,0.0,0.0,1.0,0.0,0.0,1.0,0.0,1.0,0.0,0.0,2017,83.0,146.5
743,1.0,0.0,0.0,0.0,0.0,1.0,1.0,0.0,0.0,0.0,2019,61.0,146.5
744,1.0,0.0,0.0,0.0,0.0,1.0,1.0,0.0,0.0,0.0,2019,61.0,146.9
745,0.0,0.0,1.0,0.0,0.0,1.0,0.0,1.0,0.0,0.0,2016,124.0,146.999
746,0.0,0.0,1.0,0.0,0.0,1.0,0.0,1.0,0.0,0.0,2016,104.0,147.0
747,1.0,0.0,0.0,0.0,1.0,0.0,0.0,1.0,0.0,0.0,2019,26.8,147.5
748,1.0,0.0,0.0,0.0,0.0,1.0,1.0,0.0,0.0,0.0,2019,61.0,147.5
749,1.0,0.0,0.0,1.0,0.0,0.0,0.0,1.0,0.0,0.0,2020,9.0,147.5
750,1.0,0.0,0.0,0.0,0.0,1.0,1.0,0.0,0.0,0.0,2019,61.0,147.85
751,0.0,0.0,1.0,0.0,0.0,1.0,0.0,1.0,0.0,0.0,2017,82.0,147.9
752,1.0,0.0,0.0,0.0,0.0,1.0,1.0,0.0,0.0,0.0,2017,85.0,148.0
753,0.0,1.0,0.0,1.0,0.0,0.0,0.0,1.0,0.0,0.0,2016,101.0,148.95
754,0.0,1.0,0.0,0.0,0.0,1.0,0.0,0.0,1.0,0.0,2017,190.0,149.0
755,1.0,0.0,0.0,0.0,0.0,1.0,1.0,0.0,0.0,0.0,2020,0.0,329.3
756,1.0,0.0,0.0,1.0,0.0,0.0,1.0,0.0,0.0,0.0,2021,11.4,149.5
757,1.0,0.0,0.0,0.0,1.0,0.0,0.0,1.0,0.0,0.0,2020,11.5,149.9
758,1.0,0.0,0.0,0.0,0.0,1.0,1.0,0.0,0.0,0.0,2018,64.0,150.0
759,1.0,0.0,0.0,1.0,0.0,0.0,0.0,1.0,0.0,0.0,2021,9.2,150.0
760,1.0,0.0,0.0,1.0,0.0,0.0,0.0,1.0,0.0,0.0,2019,12.0,150.0
761,1.0,0.0,0.0,1.0,0.0,0.0,0.0,1.0,0.0,0.0,2020,6.3,150.75
762,1.0,0.0,0.0,0.0,0.0,1.0,1.0,0.0,0.0,0.0,2019,76.873,150.9
763,1.0,0.0,0.0,0.0,0.0,1.0,1.0,0.0,0.0,0.0,2017,147.0,150.9
764,1.0,0.0,0.0,0.0,0.0,1.0,1.0,0.0,0.0,0.0,2017,52.0,151.0
765,1.0,0.0,0.0,0.0,0.0,1.0,1.0,0.0,0.0,0.0,2018,82.0,151.9
766,1.0,0.0,0.0,0.0,0.0,1.0,1.0,0.0,0.0,0.0,2017,120.0,151.9
767,1.0,0.0,0.0,0.0,0.0,1.0,1.0,0.0,0.0,0.0,2017,100.3,151.999
768,1.0,0.0,0.0,0.0,0.0,1.0,0.0,1.0,0.0,0.0,2016,157.567,152.0
769,0.0,0.0,1.0,0.0,1.0,0.0,0.0,1.0,0.0,0.0,2016,75.0,152.75
770,1.0,0.0,0.0,1.0,0.0,0.0,0.0,1.0,0.0,0.0,2020,11.0,152.9
771,0.0,0.0,1.0,0.0,0.0,1.0,0.0,1.0,0.0,0.0,2017,127.5,153.0
772,1.0,0.0,0.0,1.0,0.0,0.0,0.0,1.0,0.0,0.0,2019,34.0,153.25
773,1.0,0.0,0.0,1.0,0.0,0.0,0.0,1.0,0.0,0.0,2020,5.0,154.0
774,0.0,0.0,1.0,0.0,0.0,1.0,0.0,1.0,0.0,0.0,2017,135.0,154.0
775,1.0,0.0,0.0,0.0,0.0,1.0,0.0,0.0,1.0,0.0,2015,92.3,154.5
776,1.0,0.0,0.0,0.0,0.0,1.0,1.0,0.0,0.0,0.0,2019,44.5,154.95
777,1.0,0.0,0.0,0.0,1.0,0.0,0.0,1.0,0.0,0.0,2020,3.5,155.0
778,0.0,1.0,0.0,0.0,0.0,1.0,0.0,1.0,0.0,0.0,2016,95.0,155.0
779,1.0,0.0,0.0,1.0,0.0,0.0,0.0,1.0,0.0,0.0,2020,5.0,155.5
780,1.0,0.0,0.0,1.0,0.0,0.0,0.0,1.0,0.0,0.0,2020,11.0,155.75
781,0.0,0.0,1.0,0.0,0.0,1.0,0.0,1.0,0.0,0.0,2017,124.9,155.9
782,1.0,0.0,0.0,0.0,0.0,1.0,1.0,0.0,0.0,0.0,2019,73.0,156.75
783,0.0,1.0,0.0,0.0,0.0,1.0,0.0,0.0,1.0,0.0,2017,99.0,156.75
784,0.0,0.0,1.0,0.0,0.0,1.0,0.0,1.0,0.0,0.0,2018,104.9,156.9
785,0.0,0.0,1.0,0.0,0.0,1.0,0.0,1.0,0.0,0.0,2017,116.7,157.0
786,1.0,0.0,0.0,0.0,0.0,1.0,1.0,0.0,0.0,0.0,2020,14.205,157.0
787,1.0,0.0,0.0,0.0,0.0,1.0,1.0,0.0,0.0,0.0,2020,10.11,157.0
788,0.0,1.0,0.0,1.0,0.0,0.0,0.0,0.0,1.0,0.0,2018,90.5,157.5
789,0.0,0.0,1.0,0.0,0.0,1.0,0.0,1.0,0.0,0.0,2017,136.0,158.0
790,1.0,0.0,0.0,0.0,0.0,1.0,0.0,1.0,0.0,0.0,2020,2.25,158.9
791,1.0,0.0,0.0,0.0,0.0,1.0,1.0,0.0,0.0,0.0,2019,67.0,159.0
792,1.0,0.0,0.0,1.0,0.0,0.0,1.0,0.0,0.0,0.0,2021,4.0,159.5
793,1.0,0.0,0.0,0.0,0.0,1.0,1.0,0.0,0.0,0.0,2019,87.0,159.5
794,1.0,0.0,0.0,0.0,0.0,1.0,1.0,0.0,0.0,0.0,2020,30.002,159.75
795,1.0,0.0,0.0,0.0,1.0,0.0,0.0,1.0,0.0,0.0,2019,35.0,160.0
796,1.0,0.0,0.0,0.0,1.0,0.0,0.0,1.0,0.0,0.0,2020,34.0,160.0
797,1.0,0.0,0.0,0.0,1.0,0.0,0.0,1.0,0.0,0.0,2020,34.0,160.5
798,1.0,0.0,0.0,1.0,0.0,0.0,1.0,0.0,0.0,0.0,2020,8.5,161.0
799,1.0,0.0,0.0,0.0,0.0,1.0,1.0,0.0,0.0,0.0,2019,55.0,161.5
800,1.0,0.0,0.0,0.0,0.0,1.0,1.0,0.0,0.0,0.0,2019,87.0,162.0
801,1.0,0.0,0.0,0.0,1.0,0.0,0.0,1.0,0.0,0.0,2016,45.0,162.0
802,0.0,1.0,0.0,0.0,0.0,1.0,1.0,0.0,0.0,0.0,2018,85.378,165.0
803,1.0,0.0,0.0,0.0,0.0,1.0,1.0,0.0,0.0,0.0,2020,295.0,165.0
804,1.0,0.0,0.0,0.0,0.0,1.0,1.0,0.0,0.0,0.0,2017,135.0,165.0
805,1.0,0.0,0.0,0.0,0.0,1.0,1.0,0.0,0.0,0.0,2019,86.906,165.0
806,1.0,0.0,0.0,0.0,0.0,1.0,1.0,0.0,0.0,0.0,2018,32.0,166.5
807,0.0,0.0,1.0,0.0,0.0,1.0,0.0,1.0,0.0,0.0,2017,105.432,166.5
808,1.0,0.0,0.0,0.0,0.0,1.0,1.0,0.0,0.0,0.0,2020,20.0,166.5
809,1.0,0.0,0.0,0.0,0.0,1.0,1.0,0.0,0.0,0.0,2019,78.843,166.75
810,1.0,0.0,0.0,1.0,0.0,0.0,0.0,1.0,0.0,0.0,2020,20.0,167.0
811,0.0,1.0,0.0,0.0,0.0,1.0,1.0,0.0,0.0,0.0,2018,82.776,167.5
812,1.0,0.0,0.0,0.0,0.0,1.0,1.0,0.0,0.0,0.0,2020,23.0,168.0
813,1.0,0.0,0.0,1.0,0.0,0.0,0.0,1.0,0.0,0.0,2020,6.9,249.3
814,1.0,0.0,0.0,1.0,0.0,0.0,0.0,1.0,0.0,0.0,2019,55.1,168.5
815,0.0,0.0,1.0,0.0,0.0,1.0,0.0,1.0,0.0,0.0,2018,61.969,168.9
816,1.0,0.0,0.0,0.0,0.0,1.0,1.0,0.0,0.0,0.0,2020,600.0,169.0
817,1.0,0.0,0.0,1.0,0.0,0.0,0.0,1.0,0.0,0.0,2020,150.0,169.5
818,0.0,0.0,1.0,0.0,0.0,1.0,0.0,1.0,0.0,0.0,2019,55.908,169.75
819,1.0,0.0,0.0,0.0,0.0,1.0,1.0,0.0,0.0,0.0,2019,62.0,169.9
820,1.0,0.0,0.0,0.0,0.0,1.0,0.0,1.0,0.0,0.0,2016,99.0,170.0
821,1.0,0.0,0.0,0.0,1.0,0.0,0.0,1.0,0.0,0.0,2020,1.4,171.0
822,1.0,0.0,0.0,0.0,0.0,1.0,1.0,0.0,0.0,0.0,2019,86.632,171.9
823,1.0,0.0,0.0,0.0,0.0,1.0,1.0,0.0,0.0,0.0,2020,25.0,173.5
824,1.0,0.0,0.0,1.0,0.0,0.0,0.0,1.0,0.0,0.0,2018,64.0,173.999
825,0.0,0.0,1.0,0.0,0.0,1.0,0.0,1.0,0.0,0.0,2018,120.911,174.0
826,1.0,0.0,0.0,0.0,0.0,1.0,1.0,0.0,0.0,0.0,2020,25.04,174.0
827,1.0,0.0,0.0,0.0,0.0,1.0,1.0,0.0,0.0,0.0,2020,10.0,174.75
828,0.0,0.0,1.0,0.0,0.0,1.0,1.0,0.0,0.0,0.0,2018,92.7,175.0
829,1.0,0.0,0.0,0.0,0.0,1.0,1.0,0.0,0.0,0.0,2020,20.0,175.0
830,0.0,1.0,0.0,0.0,0.0,1.0,1.0,0.0,0.0,0.0,2018,82.776,175.9
831,0.0,1.0,0.0,1.0,0.0,0.0,0.0,1.0,0.0,0.0,2019,30.0,176.9
832,0.0,0.0,1.0,0.0,0.0,1.0,0.0,1.0,0.0,0.0,2017,135.0,176.9
833,0.0,0.0,1.0,0.0,0.0,1.0,0.0,1.0,0.0,0.0,2017,102.0,274.4
834,1.0,0.0,0.0,1.0,0.0,0.0,0.0,1.0,0.0,0.0,2020,8.135,176.9
835,0.0,0.0,1.0,0.0,0.0,1.0,0.0,1.0,0.0,0.0,2019,114.2,178.0
836,1.0,0.0,0.0,0.0,0.0,1.0,1.0,0.0,0.0,0.0,2020,22.2,178.0
837,1.0,0.0,0.0,0.0,0.0,1.0,1.0,0.0,0.0,0.0,2020,175.0,178.0
838,1.0,0.0,0.0,1.0,0.0,0.0,0.0,1.0,0.0,0.0,2020,2.0,178.0
839,1.0,0.0,0.0,0.0,0.0,1.0,1.0,0.0,0.0,0.0,2020,22.0,179.0
840,1.0,0.0,0.0,0.0,0.0,1.0,1.0,0.0,0.0,0.0,2020,20.0,179.9
841,1.0,0.0,0.0,0.0,0.0,1.0,1.0,0.0,0.0,0.0,2019,0.0,180.0
842,1.0,0.0,0.0,0.0,0.0,1.0,1.0,0.0,0.0,0.0,2020,17.0,181.9
843,1.0,0.0,0.0,1.0,0.0,0.0,0.0,1.0,0.0,0.0,2021,7.0,182.0
844,1.0,0.0,0.0,0.0,0.0,1.0,0.0,1.0,0.0,0.0,2020,13.0,182.0
845,1.0,0.0,0.0,0.0,1.0,0.0,0.0,1.0,0.0,0.0,2021,400.0,182.5
846,1.0,0.0,0.0,0.0,0.0,1.0,1.0,0.0,0.0,0.0,2020,17.0,183.9
847,1.0,0.0,0.0,0.0,0.0,1.0,1.0,0.0,0.0,0.0,2019,50.0,185.0
848,1.0,0.0,0.0,0.0,0.0,1.0,1.0,0.0,0.0,0.0,2020,8.0,185.0
849,1.0,0.0,0.0,0.0,0.0,1.0,1.0,0.0,0.0,0.0,2016,138.5,185.0
850,1.0,0.0,0.0,0.0,0.0,1.0,1.0,0.0,0.0,0.0,2020,19.8,186.5
851,1.0,0.0,0.0,1.0,0.0,0.0,0.0,1.0,0.0,0.0,2021,0.0,186.9
852,0.0,0.0,1.0,0.0,0.0,1.0,0.0,1.0,0.0,0.0,2019,57.8,187.5
853,1.0,0.0,0.0,0.0,0.0,1.0,1.0,0.0,0.0,0.0,2020,10.0,333.0
854,1.0,0.0,0.0,1.0,0.0,0.0,0.0,1.0,0.0,0.0,2021,1.4,188.0
855,1.0,0.0,0.0,0.0,0.0,1.0,1.0,0.0,0.0,0.0,2020,24.0,188.5
856,1.0,0.0,0.0,0.0,0.0,1.0,1.0,0.0,0.0,0.0,2020,700.0,190.0
857,1.0,0.0,0.0,0.0,0.0,1.0,0.0,1.0,0.0,0.0,2016,185.0,193.5
858,1.0,0.0,0.0,0.0,0.0,1.0,0.0,1.0,0.0,0.0,2015,178.0,194.75
859,1.0,0.0,0.0,1.0,0.0,0.0,0.0,1.0,0.0,0.0,2021,360.0,194.9
860,1.0,0.0,0.0,0.0,0.0,1.0,1.0,0.0,0.0,0.0,2020,0.0,195.0
861,1.0,0.0,0.0,1.0,0.0,0.0,0.0,1.0,0.0,0.0,2020,22.0,198.9
862,0.0,0.0,1.0,0.0,0.0,1.0,0.0,1.0,0.0,0.0,2020,28.0,199.5
863,0.0,0.0,1.0,0.0,0.0,1.0,0.0,0.0,1.0,0.0,2018,85.0,199.75
864,1.0,0.0,0.0,0.0,0.0,1.0,1.0,0.0,0.0,0.0,2020,5.0,199.999
865,1.0,0.0,0.0,1.0,0.0,0.0,1.0,0.0,0.0,0.0,2021,1.007,201.0
866,1.0,0.0,0.0,0.0,0.0,1.0,0.0,1.0,0.0,0.0,2020,10.5,213.2
867,1.0,0.0,0.0,0.0,0.0,1.0,1.0,0.0,0.0,0.0,2018,94.021,229.0
868,0.0,0.0,1.0,0.0,0.0,1.0,0.0,1.0,0.0,0.0,2019,45.0,229.75
869,0.0,0.0,1.0,0.0,0.0,1.0,0.0,1.0,0.0,0.0,2020,34.0,229.75
870,0.0,1.0,0.0,0.0,0.0,1.0,1.0,0.0,0.0,0.0,2019,53.0,242.95
871,1.0,0.0,0.0,1.0,0.0,0.0,0.0,1.0,0.0,0.0,2020,19.0,243.95
872,1.0,0.0,0.0,1.0,0.0,0.0,0.0,1.0,0.0,0.0,2020,10.0,296.3
873,1.0,0.0,0.0,0.0,0.0,1.0,1.0,0.0,0.0,0.0,2020,12.078,255.0
874,1.0,0.0,0.0,1.0,0.0,0.0,0.0,1.0,0.0,0.0,2020,12.0,260.0
875,0.0,0.0,1.0,0.0,0.0,1.0,0.0,1.0,0.0,0.0,2017,98.0,262.0
876,1.0,0.0,0.0,1.0,0.0,0.0,0.0,1.0,0.0,0.0,2020,15.005,264.9
877,1.0,0.0,0.0,0.0,0.0,1.0,1.0,0.0,0.0,0.0,2019,82.0,265.5
878,1.0,0.0,0.0,1.0,0.0,0.0,0.0,1.0,0.0,0.0,2020,25.5,265.9
879,1.0,0.0,0.0,1.0,0.0,0.0,0.0,1.0,0.0,0.0,2020,28.0,266.5
880,0.0,0.0,1.0,0.0,0.0,1.0,0.0,1.0,0.0,0.0,2017,138.0,269.0
881,1.0,0.0,0.0,0.0,0.0,1.0,0.0,1.0,0.0,0.0,2021,0.0,270.0
882,1.0,0.0,0.0,1.0,0.0,0.0,0.0,1.0,0.0,0.0,2020,28.7,270.5
883,1.0,0.0,0.0,1.0,0.0,0.0,0.0,1.0,0.0,0.0,2019,19.779,272.0
884,1.0,0.0,0.0,1.0,0.0,0.0,0.0,1.0,0.0,0.0,2020,22.0,273.5
885,1.0,0.0,0.0,0.0,0.0,1.0,1.0,0.0,0.0,0.0,2019,74.836,275.5
886,1.0,0.0,0.0,1.0,0.0,0.0,0.0,1.0,0.0,0.0,2020,1.4,275.7
887,1.0,0.0,0.0,1.0,0.0,0.0,0.0,1.0,0.0,0.0,2020,5.103,276.0
888,1.0,0.0,0.0,1.0,0.0,0.0,1.0,0.0,0.0,0.0,2020,5.503,276.6
889,1.0,0.0,0.0,1.0,0.0,0.0,0.0,1.0,0.0,0.0,2020,21.577,278.3
890,1.0,0.0,0.0,1.0,0.0,0.0,0.0,1.0,0.0,0.0,2020,5.8,282.75
891,1.0,0.0,0.0,0.0,0.0,1.0,0.0,1.0,0.0,0.0,2021,0.0,286.5
892,1.0,0.0,0.0,0.0,0.0,1.0,0.0,1.0,0.0,0.0,2018,116.0,290.0
893,1.0,0.0,0.0,0.0,0.0,1.0,1.0,0.0,0.0,0.0,2020,8.667,296.5
894,0.0,0.0,1.0,0.0,0.0,1.0,0.0,1.0,0.0,0.0,2018,138.0,296.5
895,0.0,0.0,1.0,0.0,0.0,1.0,0.0,1.0,0.0,0.0,2018,115.0,300.0
896,0.0,1.0,0.0,1.0,0.0,0.0,0.0,1.0,0.0,0.0,2017,20.0,304.0
897,0.0,0.0,1.0,0.0,0.0,1.0,0.0,0.0,1.0,0.0,2016,30.0,307.3
898,1.0,0.0,0.0,1.0,0.0,0.0,0.0,1.0,0.0,0.0,2021,9.454,329.0
899,1.0,0.0,0.0,0.0,0.0,1.0,0.0,1.0,0.0,0.0,2020,11.826,340.0
900,1.0,0.0,0.0,0.0,0.0,1.0,1.0,0.0,0.0,0.0,2020,34.768,343.2
901,1.0,0.0,0.0,1.0,0.0,0.0,0.0,1.0,0.0,0.0,2021,3.9,345.3
902,1.0,0.0,0.0,0.0,0.0,1.0,1.0,0.0,0.0,0.0,2020,15.038,358.0
903,1.0,0.0,0.0,0.0,0.0,1.0,0.0,1.0,0.0,0.0,2021,21.443,396.7
904,1.0,0.0,0.0,1.0,0.0,0.0,1.0,0.0,0.0,0.0,2021,300.0,396.8
